year,profile,rank,language,score,source_url,published_at,methodology_version
2025,spectrum,1,Python,1,https://spectrum.ieee.org/top-programming-languages-2025,2025-09-23,ieee-2025-manual-7metrics
2025,spectrum,2,Java,0.4986175,https://spectrum.ieee.org/top-programming-languages-2025,2025-09-23,ieee-2025-manual-7metrics
2025,spectrum,3,C++,0.36692132,https://spectrum.ieee.org/top-programming-languages-2025,2025-09-23,ieee-2025-manual-7metrics
2025,spectrum,4,SQL,0.32928689,https://spectrum.ieee.org/top-programming-languages-2025,2025-09-23,ieee-2025-manual-7metrics
2025,spectrum,5,C#,0.28878141,https://spectrum.ieee.org/top-programming-languages-2025,2025-09-23,ieee-2025-manual-7metrics
2025,spectrum,6,JavaScript,0.28719694,https://spectrum.ieee.org/top-programming-languages-2025,2025-09-23,ieee-2025-manual-7metrics
2025,spectrum,7,TypeScript,0.28068298,https://spectrum.ieee.org/top-programming-languages-2025,2025-09-23,ieee-2025-manual-7metrics
2025,spectrum,8,C,0.27665749,https://spectrum.ieee.org/top-programming-languages-2025,2025-09-23,ieee-2025-manual-7metrics
2025,spectrum,9,Shell,0.20956539,https://spectrum.ieee.org/top-programming-languages-2025,2025-09-23,ieee-2025-manual-7metrics
2025,spectrum,10,Go,0.18655245,https://spectrum.ieee.org/top-programming-languages-2025,2025-09-23,ieee-2025-manual-7metrics
2025,spectrum,11,R,0.18137844,https://spectrum.ieee.org/top-programming-languages-2025,2025-09-23,ieee-2025-manual-7metrics
2025,spectrum,12,PHP,0.1568357,https://spectrum.ieee.org/top-programming-languages-2025,2025-09-23,ieee-2025-manual-7metrics
2025,spectrum,13,Kotlin,0.13162782,https://spectrum.ieee.org/top-programming-languages-2025,2025-09-23,ieee-2025-manual-7metrics
2025,spectrum,14,Rust,0.13013249,https://spectrum.ieee.org/top-programming-languages-2025,2025-09-23,ieee-2025-manual-7metrics
2025,spectrum,15,Dart,0.12567229,https://spectrum.ieee.org/top-programming-languages-2025,2025-09-23,ieee-2025-manual-7metrics
2025,spectrum,16,Swift,0.1171869,https://spectrum.ieee.org/top-programming-languages-2025,2025-09-23,ieee-2025-manual-7metrics
2025,spectrum,17,Ruby,0.11651954,https://spectrum.ieee.org/top-programming-languages-2025,2025-09-23,ieee-2025-manual-7metrics
2025,spectrum,18,HTML,0.11128331,https://spectrum.ieee.org/top-programming-languages-2025,2025-09-23,ieee-2025-manual-7metrics
2025,spectrum,19,Objective-C,0.10256271,https://spectrum.ieee.org/top-programming-languages-2025,2025-09-23,ieee-2025-manual-7metrics
2025,spectrum,20,Matlab,0.09568702,https://spectrum.ieee.org/top-programming-languages-2025,2025-09-23,ieee-2025-manual-7metrics
2025,spectrum,21,Lua,0.08124556,https://spectrum.ieee.org/top-programming-languages-2025,2025-09-23,ieee-2025-manual-7metrics
2025,spectrum,22,Perl,0.07813329,https://spectrum.ieee.org/top-programming-languages-2025,2025-09-23,ieee-2025-manual-7metrics
2025,spectrum,23,Assembly,0.07789083,https://spectrum.ieee.org/top-programming-languages-2025,2025-09-23,ieee-2025-manual-7metrics
2025,spectrum,24,Cuda,0.05638115,https://spectrum.ieee.org/top-programming-languages-2025,2025-09-23,ieee-2025-manual-7metrics
2025,spectrum,25,Solidity,0.05176683,https://spectrum.ieee.org/top-programming-languages-2025,2025-09-23,ieee-2025-manual-7metrics
2025,spectrum,26,SAS,0.04673681,https://spectrum.ieee.org/top-programming-languages-2025,2025-09-23,ieee-2025-manual-7metrics
2025,spectrum,27,Apex,0.02755168,https://spectrum.ieee.org/top-programming-languages-2025,2025-09-23,ieee-2025-manual-7metrics
2025,spectrum,28,Scala,0.02197913,https://spectrum.ieee.org/top-programming-languages-2025,2025-09-23,ieee-2025-manual-7metrics
2025,spectrum,29,Arduino,0.01642322,https://spectrum.ieee.org/top-programming-languages-2025,2025-09-23,ieee-2025-manual-7metrics
2025,spectrum,30,Haskell,0.01547605,https://spectrum.ieee.org/top-programming-languages-2025,2025-09-23,ieee-2025-manual-7metrics
2025,spectrum,31,Julia,0.01486103,https://spectrum.ieee.org/top-programming-languages-2025,2025-09-23,ieee-2025-manual-7metrics
2025,spectrum,32,Fortran,0.01469436,https://spectrum.ieee.org/top-programming-languages-2025,2025-09-23,ieee-2025-manual-7metrics
2025,spectrum,33,LabView,0.01044696,https://spectrum.ieee.org/top-programming-languages-2025,2025-09-23,ieee-2025-manual-7metrics
2025,spectrum,34,Visual Basic,0.00990331,https://spectrum.ieee.org/top-programming-languages-2025,2025-09-23,ieee-2025-manual-7metrics
2025,spectrum,35,ABAP,0.00979256,https://spectrum.ieee.org/top-programming-languages-2025,2025-09-23,ieee-2025-manual-7metrics
2025,spectrum,36,Groovy,0.00820638,https://spectrum.ieee.org/top-programming-languages-2025,2025-09-23,ieee-2025-manual-7metrics
2025,spectrum,37,Verilog,0.00765878,https://spectrum.ieee.org/top-programming-languages-2025,2025-09-23,ieee-2025-manual-7metrics
2025,spectrum,38,Prolog,0.00700768,https://spectrum.ieee.org/top-programming-languages-2025,2025-09-23,ieee-2025-manual-7metrics
2025,spectrum,39,WebAssembly,0.00586531,https://spectrum.ieee.org/top-programming-languages-2025,2025-09-23,ieee-2025-manual-7metrics
2025,spectrum,40,Ocaml,0.00551222,https://spectrum.ieee.org/top-programming-languages-2025,2025-09-23,ieee-2025-manual-7metrics
2025,spectrum,41,Mathematica,0.00547249,https://spectrum.ieee.org/top-programming-languages-2025,2025-09-23,ieee-2025-manual-7metrics
2025,spectrum,42,Cobol,0.00455831,https://spectrum.ieee.org/top-programming-languages-2025,2025-09-23,ieee-2025-manual-7metrics
2025,spectrum,43,Elixir,0.00419428,https://spectrum.ieee.org/top-programming-languages-2025,2025-09-23,ieee-2025-manual-7metrics
2025,spectrum,44,TCL,0.00342466,https://spectrum.ieee.org/top-programming-languages-2025,2025-09-23,ieee-2025-manual-7metrics
2025,spectrum,45,Ada,0.00288175,https://spectrum.ieee.org/top-programming-languages-2025,2025-09-23,ieee-2025-manual-7metrics
2025,spectrum,46,VHDL,0.00247567,https://spectrum.ieee.org/top-programming-languages-2025,2025-09-23,ieee-2025-manual-7metrics
2025,spectrum,47,D,0.00234518,https://spectrum.ieee.org/top-programming-languages-2025,2025-09-23,ieee-2025-manual-7metrics
2025,spectrum,48,Lisp,0.00223487,https://spectrum.ieee.org/top-programming-languages-2025,2025-09-23,ieee-2025-manual-7metrics
2025,spectrum,49,Pascal,0.0017024,https://spectrum.ieee.org/top-programming-languages-2025,2025-09-23,ieee-2025-manual-7metrics
2025,spectrum,50,Raku,0.00161325,https://spectrum.ieee.org/top-programming-languages-2025,2025-09-23,ieee-2025-manual-7metrics
2025,spectrum,51,Clojure,0.00140074,https://spectrum.ieee.org/top-programming-languages-2025,2025-09-23,ieee-2025-manual-7metrics
2025,spectrum,52,Erlang,0.00095019,https://spectrum.ieee.org/top-programming-languages-2025,2025-09-23,ieee-2025-manual-7metrics
2025,jobs,1,Python,1,https://spectrum.ieee.org/top-programming-languages-2025,2025-09-23,ieee-2025-manual-7metrics
2025,jobs,2,SQL,0.91210033,https://spectrum.ieee.org/top-programming-languages-2025,2025-09-23,ieee-2025-manual-7metrics
2025,jobs,3,Java,0.73382943,https://spectrum.ieee.org/top-programming-languages-2025,2025-09-23,ieee-2025-manual-7metrics
2025,jobs,4,JavaScript,0.65970903,https://spectrum.ieee.org/top-programming-languages-2025,2025-09-23,ieee-2025-manual-7metrics
2025,jobs,5,TypeScript,0.39651505,https://spectrum.ieee.org/top-programming-languages-2025,2025-09-23,ieee-2025-manual-7metrics
2025,jobs,6,C#,0.39031104,https://spectrum.ieee.org/top-programming-languages-2025,2025-09-23,ieee-2025-manual-7metrics
2025,jobs,7,C++,0.33367224,https://spectrum.ieee.org/top-programming-languages-2025,2025-09-23,ieee-2025-manual-7metrics
2025,jobs,8,HTML,0.30794314,https://spectrum.ieee.org/top-programming-languages-2025,2025-09-23,ieee-2025-manual-7metrics
2025,jobs,9,Go,0.22628094,https://spectrum.ieee.org/top-programming-languages-2025,2025-09-23,ieee-2025-manual-7metrics
2025,jobs,10,Shell,0.19990301,https://spectrum.ieee.org/top-programming-languages-2025,2025-09-23,ieee-2025-manual-7metrics
2025,jobs,11,C,0.13583612,https://spectrum.ieee.org/top-programming-languages-2025,2025-09-23,ieee-2025-manual-7metrics
2025,jobs,12,SAS,0.11808027,https://spectrum.ieee.org/top-programming-languages-2025,2025-09-23,ieee-2025-manual-7metrics
2025,jobs,13,PHP,0.10189967,https://spectrum.ieee.org/top-programming-languages-2025,2025-09-23,ieee-2025-manual-7metrics
2025,jobs,14,Apex,0.09158863,https://spectrum.ieee.org/top-programming-languages-2025,2025-09-23,ieee-2025-manual-7metrics
2025,jobs,15,Rust,0.0778495,https://spectrum.ieee.org/top-programming-languages-2025,2025-09-23,ieee-2025-manual-7metrics
2025,jobs,16,Ruby,0.06648161,https://spectrum.ieee.org/top-programming-languages-2025,2025-09-23,ieee-2025-manual-7metrics
2025,jobs,17,Kotlin,0.05536455,https://spectrum.ieee.org/top-programming-languages-2025,2025-09-23,ieee-2025-manual-7metrics
2025,jobs,18,Scala,0.05371572,https://spectrum.ieee.org/top-programming-languages-2025,2025-09-23,ieee-2025-manual-7metrics
2025,jobs,19,Swift,0.04877258,https://spectrum.ieee.org/top-programming-languages-2025,2025-09-23,ieee-2025-manual-7metrics
2025,jobs,20,Visual Basic,0.03647492,https://spectrum.ieee.org/top-programming-languages-2025,2025-09-23,ieee-2025-manual-7metrics
2025,jobs,21,R,0.03410702,https://spectrum.ieee.org/top-programming-languages-2025,2025-09-23,ieee-2025-manual-7metrics
2025,jobs,22,Matlab,0.02734448,https://spectrum.ieee.org/top-programming-languages-2025,2025-09-23,ieee-2025-manual-7metrics
2025,jobs,23,Groovy,0.02096321,https://spectrum.ieee.org/top-programming-languages-2025,2025-09-23,ieee-2025-manual-7metrics
2025,jobs,24,Perl,0.01944147,https://spectrum.ieee.org/top-programming-languages-2025,2025-09-23,ieee-2025-manual-7metrics
2025,jobs,25,Verilog,0.01859532,https://spectrum.ieee.org/top-programming-languages-2025,2025-09-23,ieee-2025-manual-7metrics
2025,jobs,26,Cobol,0.01246823,https://spectrum.ieee.org/top-programming-languages-2025,2025-09-23,ieee-2025-manual-7metrics
2025,jobs,27,Cuda,0.0108194,https://spectrum.ieee.org/top-programming-languages-2025,2025-09-23,ieee-2025-manual-7metrics
2025,jobs,28,Assembly,0.00955184,https://spectrum.ieee.org/top-programming-languages-2025,2025-09-23,ieee-2025-manual-7metrics
2025,jobs,29,TCL,0.00836789,https://spectrum.ieee.org/top-programming-languages-2025,2025-09-23,ieee-2025-manual-7metrics
2025,jobs,30,Dart,0.00790301,https://spectrum.ieee.org/top-programming-languages-2025,2025-09-23,ieee-2025-manual-7metrics
2025,jobs,31,Elixir,0.00756522,https://spectrum.ieee.org/top-programming-languages-2025,2025-09-23,ieee-2025-manual-7metrics
2025,jobs,32,Solidity,0.00743813,https://spectrum.ieee.org/top-programming-languages-2025,2025-09-23,ieee-2025-manual-7metrics
2025,jobs,33,Objective-C,0.00710033,https://spectrum.ieee.org/top-programming-languages-2025,2025-09-23,ieee-2025-manual-7metrics
2025,jobs,34,VHDL,0.00604348,https://spectrum.ieee.org/top-programming-languages-2025,2025-09-23,ieee-2025-manual-7metrics
2025,jobs,35,LabView,0.0052408,https://spectrum.ieee.org/top-programming-languages-2025,2025-09-23,ieee-2025-manual-7metrics
2025,jobs,36,Clojure,0.00325418,https://spectrum.ieee.org/top-programming-languages-2025,2025-09-23,ieee-2025-manual-7metrics
2025,jobs,37,Julia,0.0027893,https://spectrum.ieee.org/top-programming-languages-2025,2025-09-23,ieee-2025-manual-7metrics
2025,jobs,38,Ada,0.00185953,https://spectrum.ieee.org/top-programming-languages-2025,2025-09-23,ieee-2025-manual-7metrics
2025,jobs,39,Haskell,0.00139465,https://spectrum.ieee.org/top-programming-languages-2025,2025-09-23,ieee-2025-manual-7metrics
2025,jobs,39,Lua,0.00139465,https://spectrum.ieee.org/top-programming-languages-2025,2025-09-23,ieee-2025-manual-7metrics
2025,jobs,39,Pascal,0.00139465,https://spectrum.ieee.org/top-programming-languages-2025,2025-09-23,ieee-2025-manual-7metrics
2025,jobs,39,WebAssembly,0.00139465,https://spectrum.ieee.org/top-programming-languages-2025,2025-09-23,ieee-2025-manual-7metrics
2025,jobs,43,Arduino,0.00092977,https://spectrum.ieee.org/top-programming-languages-2025,2025-09-23,ieee-2025-manual-7metrics
2025,jobs,43,Fortran,0.00092977,https://spectrum.ieee.org/top-programming-languages-2025,2025-09-23,ieee-2025-manual-7metrics
2025,jobs,45,Erlang,0.00046488,https://spectrum.ieee.org/top-programming-languages-2025,2025-09-23,ieee-2025-manual-7metrics
2025,jobs,46,D,0,https://spectrum.ieee.org/top-programming-languages-2025,2025-09-23,ieee-2025-manual-7metrics
2025,jobs,46,Lisp,0,https://spectrum.ieee.org/top-programming-languages-2025,2025-09-23,ieee-2025-manual-7metrics
2025,jobs,46,Mathematica,0,https://spectrum.ieee.org/top-programming-languages-2025,2025-09-23,ieee-2025-manual-7metrics
2025,jobs,46,Ocaml,0,https://spectrum.ieee.org/top-programming-languages-2025,2025-09-23,ieee-2025-manual-7metrics
2025,jobs,46,Prolog,0,https://spectrum.ieee.org/top-programming-languages-2025,2025-09-23,ieee-2025-manual-7metrics
2025,jobs,46,Raku,0,https://spectrum.ieee.org/top-programming-languages-2025,2025-09-23,ieee-2025-manual-7metrics
2025,trending,1,Python,1,https://spectrum.ieee.org/top-programming-languages-2025,2025-09-23,ieee-2025-manual-7metrics
2025,trending,2,Java,0.67767248,https://spectrum.ieee.org/top-programming-languages-2025,2025-09-23,ieee-2025-manual-7metrics
2025,trending,3,C++,0.44579866,https://spectrum.ieee.org/top-programming-languages-2025,2025-09-23,ieee-2025-manual-7metrics
2025,trending,4,C,0.35011078,https://spectrum.ieee.org/top-programming-languages-2025,2025-09-23,ieee-2025-manual-7metrics
2025,trending,5,C#,0.34555339,https://spectrum.ieee.org/top-programming-languages-2025,2025-09-23,ieee-2025-manual-7metrics
2025,trending,6,TypeScript,0.31875026,https://spectrum.ieee.org/top-programming-languages-2025,2025-09-23,ieee-2025-manual-7metrics
2025,trending,7,JavaScript,0.27864739,https://spectrum.ieee.org/top-programming-languages-2025,2025-09-23,ieee-2025-manual-7metrics
2025,trending,8,Shell,0.26049668,https://spectrum.ieee.org/top-programming-languages-2025,2025-09-23,ieee-2025-manual-7metrics
2025,trending,9,SQL,0.24430173,https://spectrum.ieee.org/top-programming-languages-2025,2025-09-23,ieee-2025-manual-7metrics
2025,trending,10,PHP,0.22651165,https://spectrum.ieee.org/top-programming-languages-2025,2025-09-23,ieee-2025-manual-7metrics
2025,trending,11,Go,0.21510971,https://spectrum.ieee.org/top-programming-languages-2025,2025-09-23,ieee-2025-manual-7metrics
2025,trending,12,R,0.21111238,https://spectrum.ieee.org/top-programming-languages-2025,2025-09-23,ieee-2025-manual-7metrics
2025,trending,13,Dart,0.19199379,https://spectrum.ieee.org/top-programming-languages-2025,2025-09-23,ieee-2025-manual-7metrics
2025,trending,14,Kotlin,0.18997196,https://spectrum.ieee.org/top-programming-languages-2025,2025-09-23,ieee-2025-manual-7metrics
2025,trending,15,Rust,0.17627994,https://spectrum.ieee.org/top-programming-languages-2025,2025-09-23,ieee-2025-manual-7metrics
2025,trending,16,Swift,0.17426971,https://spectrum.ieee.org/top-programming-languages-2025,2025-09-23,ieee-2025-manual-7metrics
2025,trending,17,Ruby,0.17199139,https://spectrum.ieee.org/top-programming-languages-2025,2025-09-23,ieee-2025-manual-7metrics
2025,trending,18,Objective-C,0.14892327,https://spectrum.ieee.org/top-programming-languages-2025,2025-09-23,ieee-2025-manual-7metrics
2025,trending,19,Lua,0.13527432,https://spectrum.ieee.org/top-programming-languages-2025,2025-09-23,ieee-2025-manual-7metrics
2025,trending,20,Assembly,0.12387496,https://spectrum.ieee.org/top-programming-languages-2025,2025-09-23,ieee-2025-manual-7metrics
2025,trending,21,Perl,0.12286526,https://spectrum.ieee.org/top-programming-languages-2025,2025-09-23,ieee-2025-manual-7metrics
2025,trending,22,HTML,0.1111948,https://spectrum.ieee.org/top-programming-languages-2025,2025-09-23,ieee-2025-manual-7metrics
2025,trending,23,Matlab,0.10314535,https://spectrum.ieee.org/top-programming-languages-2025,2025-09-23,ieee-2025-manual-7metrics
2025,trending,24,Cuda,0.06316665,https://spectrum.ieee.org/top-programming-languages-2025,2025-09-23,ieee-2025-manual-7metrics
2025,trending,25,Solidity,0.06064259,https://spectrum.ieee.org/top-programming-languages-2025,2025-09-23,ieee-2025-manual-7metrics
2025,trending,26,SAS,0.02527327,https://spectrum.ieee.org/top-programming-languages-2025,2025-09-23,ieee-2025-manual-7metrics
2025,trending,27,Apex,0.02290659,https://spectrum.ieee.org/top-programming-languages-2025,2025-09-23,ieee-2025-manual-7metrics
2025,trending,28,Arduino,0.01938399,https://spectrum.ieee.org/top-programming-languages-2025,2025-09-23,ieee-2025-manual-7metrics
2025,trending,29,Haskell,0.01570242,https://spectrum.ieee.org/top-programming-languages-2025,2025-09-23,ieee-2025-manual-7metrics
2025,trending,30,Fortran,0.01405922,https://spectrum.ieee.org/top-programming-languages-2025,2025-09-23,ieee-2025-manual-7metrics
2025,trending,31,Scala,0.01240009,https://spectrum.ieee.org/top-programming-languages-2025,2025-09-23,ieee-2025-manual-7metrics
2025,trending,32,Julia,0.01058053,https://spectrum.ieee.org/top-programming-languages-2025,2025-09-23,ieee-2025-manual-7metrics
2025,trending,35,Visual Basic,0.00899208,https://spectrum.ieee.org/top-programming-languages-2025,2025-09-23,ieee-2025-manual-7metrics
2025,trending,36,LabView,0.00849129,https://spectrum.ieee.org/top-programming-languages-2025,2025-09-23,ieee-2025-manual-7metrics
2025,trending,37,Groovy,0.00817728,https://spectrum.ieee.org/top-programming-languages-2025,2025-09-23,ieee-2025-manual-7metrics
2025,trending,38,Prolog,0.00691245,https://spectrum.ieee.org/top-programming-languages-2025,2025-09-23,ieee-2025-manual-7metrics
2025,trending,39,Ocaml,0.00555234,https://spectrum.ieee.org/top-programming-languages-2025,2025-09-23,ieee-2025-manual-7metrics
2025,trending,40,WebAssembly,0.00552376,https://spectrum.ieee.org/top-programming-languages-2025,2025-09-23,ieee-2025-manual-7metrics
2025,trending,41,Mathematica,0.005487,https://spectrum.ieee.org/top-programming-languages-2025,2025-09-23,ieee-2025-manual-7metrics
2025,trending,42,Elixir,0.00462569,https://spectrum.ieee.org/top-programming-languages-2025,2025-09-23,ieee-2025-manual-7metrics
2025,trending,43,Cobol,0.0043798,https://spectrum.ieee.org/top-programming-languages-2025,2025-09-23,ieee-2025-manual-7metrics
2025,trending,44,Ada,0.0039997,https://spectrum.ieee.org/top-programming-languages-2025,2025-09-23,ieee-2025-manual-7metrics
2025,trending,45,Verilog,0.00392166,https://spectrum.ieee.org/top-programming-languages-2025,2025-09-23,ieee-2025-manual-7metrics
2025,trending,46,D,0.00385627,https://spectrum.ieee.org/top-programming-languages-2025,2025-09-23,ieee-2025-manual-7metrics
2025,trending,47,Raku,0.00265273,https://spectrum.ieee.org/top-programming-languages-2025,2025-09-23,ieee-2025-manual-7metrics
2025,trending,48,Lisp,0.00257596,https://spectrum.ieee.org/top-programming-languages-2025,2025-09-23,ieee-2025-manual-7metrics
2025,trending,49,TCL,0.00204957,https://spectrum.ieee.org/top-programming-languages-2025,2025-09-23,ieee-2025-manual-7metrics
2025,trending,50,Pascal,0.00171406,https://spectrum.ieee.org/top-programming-languages-2025,2025-09-23,ieee-2025-manual-7metrics
2025,trending,51,VHDL,0.00143103,https://spectrum.ieee.org/top-programming-languages-2025,2025-09-23,ieee-2025-manual-7metrics
2025,trending,52,Erlang,0.00135937,https://spectrum.ieee.org/top-programming-languages-2025,2025-09-23,ieee-2025-manual-7metrics
2025,trending,53,Clojure,0.00088185,https://spectrum.ieee.org/top-programming-languages-2025,2025-09-23,ieee-2025-manual-7metrics
2024,spectrum,1,Python,1,https://spectrum.ieee.org/top-programming-languages-2024,2024-08-22,ieee-2024-manual-8metrics
2024,spectrum,2,Java,0.485474243,https://spectrum.ieee.org/top-programming-languages-2024,2024-08-22,ieee-2024-manual-8metrics
2024,spectrum,3,JavaScript,0.445058227,https://spectrum.ieee.org/top-programming-languages-2024,2024-08-22,ieee-2024-manual-8metrics
2024,spectrum,4,C++,0.37486649,https://spectrum.ieee.org/top-programming-languages-2024,2024-08-22,ieee-2024-manual-8metrics
2024,spectrum,5,TypeScript,0.249697007,https://spectrum.ieee.org/top-programming-languages-2024,2024-08-22,ieee-2024-manual-8metrics
2024,spectrum,6,SQL,0.225794624,https://spectrum.ieee.org/top-programming-languages-2024,2024-08-22,ieee-2024-manual-8metrics
2024,spectrum,7,C#,0.208928736,https://spectrum.ieee.org/top-programming-languages-2024,2024-08-22,ieee-2024-manual-8metrics
2024,spectrum,8,Go,0.205211826,https://spectrum.ieee.org/top-programming-languages-2024,2024-08-22,ieee-2024-manual-8metrics
2024,spectrum,9,C,0.198949661,https://spectrum.ieee.org/top-programming-languages-2024,2024-08-22,ieee-2024-manual-8metrics
2024,spectrum,10,HTML,0.181718849,https://spectrum.ieee.org/top-programming-languages-2024,2024-08-22,ieee-2024-manual-8metrics
2024,spectrum,11,Rust,0.150622013,https://spectrum.ieee.org/top-programming-languages-2024,2024-08-22,ieee-2024-manual-8metrics
2024,spectrum,12,Mathematica,0.12748338,https://spectrum.ieee.org/top-programming-languages-2024,2024-08-22,ieee-2024-manual-8metrics
2024,spectrum,13,PHP,0.119591744,https://spectrum.ieee.org/top-programming-languages-2024,2024-08-22,ieee-2024-manual-8metrics
2024,spectrum,14,Shell,0.117049128,https://spectrum.ieee.org/top-programming-languages-2024,2024-08-22,ieee-2024-manual-8metrics
2024,spectrum,15,Lua,0.104113675,https://spectrum.ieee.org/top-programming-languages-2024,2024-08-22,ieee-2024-manual-8metrics
2024,spectrum,16,SAS,0.08547258,https://spectrum.ieee.org/top-programming-languages-2024,2024-08-22,ieee-2024-manual-8metrics
2024,spectrum,17,Kotlin,0.065615424,https://spectrum.ieee.org/top-programming-languages-2024,2024-08-22,ieee-2024-manual-8metrics
2024,spectrum,18,Ruby,0.063230688,https://spectrum.ieee.org/top-programming-languages-2024,2024-08-22,ieee-2024-manual-8metrics
2024,spectrum,19,Dart,0.061474627,https://spectrum.ieee.org/top-programming-languages-2024,2024-08-22,ieee-2024-manual-8metrics
2024,spectrum,20,R,0.060401089,https://spectrum.ieee.org/top-programming-languages-2024,2024-08-22,ieee-2024-manual-8metrics
2024,spectrum,21,Swift,0.04947011,https://spectrum.ieee.org/top-programming-languages-2024,2024-08-22,ieee-2024-manual-8metrics
2024,spectrum,22,Scala,0.043493159,https://spectrum.ieee.org/top-programming-languages-2024,2024-08-22,ieee-2024-manual-8metrics
2024,spectrum,23,Solidity,0.018408303,https://spectrum.ieee.org/top-programming-languages-2024,2024-08-22,ieee-2024-manual-8metrics
2024,spectrum,24,Matlab,0.017725047,https://spectrum.ieee.org/top-programming-languages-2024,2024-08-22,ieee-2024-manual-8metrics
2024,spectrum,25,Perl,0.016664177,https://spectrum.ieee.org/top-programming-languages-2024,2024-08-22,ieee-2024-manual-8metrics
2024,spectrum,26,Groovy,0.014001973,https://spectrum.ieee.org/top-programming-languages-2024,2024-08-22,ieee-2024-manual-8metrics
2024,spectrum,27,Objective-C,0.0139961,https://spectrum.ieee.org/top-programming-languages-2024,2024-08-22,ieee-2024-manual-8metrics
2024,spectrum,28,Visual Basic,0.009459962,https://spectrum.ieee.org/top-programming-languages-2024,2024-08-22,ieee-2024-manual-8metrics
2024,spectrum,29,Apex,0.008676836,https://spectrum.ieee.org/top-programming-languages-2024,2024-08-22,ieee-2024-manual-8metrics
2024,spectrum,30,Arduino,0.006839156,https://spectrum.ieee.org/top-programming-languages-2024,2024-08-22,ieee-2024-manual-8metrics
2024,spectrum,31,Pascal,0.0065031,https://spectrum.ieee.org/top-programming-languages-2024,2024-08-22,ieee-2024-manual-8metrics
2024,spectrum,32,Julia,0.006258925,https://spectrum.ieee.org/top-programming-languages-2024,2024-08-22,ieee-2024-manual-8metrics
2024,spectrum,33,Assembly,0.006058395,https://spectrum.ieee.org/top-programming-languages-2024,2024-08-22,ieee-2024-manual-8metrics
2024,spectrum,34,ABAP,0.005929835,https://spectrum.ieee.org/top-programming-languages-2024,2024-08-22,ieee-2024-manual-8metrics
2024,spectrum,35,Elixir,0.005866795,https://spectrum.ieee.org/top-programming-languages-2024,2024-08-22,ieee-2024-manual-8metrics
2024,spectrum,36,Verilog,0.005505992,https://spectrum.ieee.org/top-programming-languages-2024,2024-08-22,ieee-2024-manual-8metrics
2024,spectrum,37,LabView,0.005217303,https://spectrum.ieee.org/top-programming-languages-2024,2024-08-22,ieee-2024-manual-8metrics
2024,spectrum,38,Haskell,0.004493424,https://spectrum.ieee.org/top-programming-languages-2024,2024-08-22,ieee-2024-manual-8metrics
2024,spectrum,39,Cobol,0.004112377,https://spectrum.ieee.org/top-programming-languages-2024,2024-08-22,ieee-2024-manual-8metrics
2024,spectrum,40,TCL,0.00399762,https://spectrum.ieee.org/top-programming-languages-2024,2024-08-22,ieee-2024-manual-8metrics
2024,spectrum,41,Cuda,0.0035441,https://spectrum.ieee.org/top-programming-languages-2024,2024-08-22,ieee-2024-manual-8metrics
2024,spectrum,42,Lisp,0.003290542,https://spectrum.ieee.org/top-programming-languages-2024,2024-08-22,ieee-2024-manual-8metrics
2024,spectrum,43,VHDL,0.003161107,https://spectrum.ieee.org/top-programming-languages-2024,2024-08-22,ieee-2024-manual-8metrics
2024,spectrum,44,Clojure,0.002944247,https://spectrum.ieee.org/top-programming-languages-2024,2024-08-22,ieee-2024-manual-8metrics
2024,spectrum,45,Fortran,0.002862367,https://spectrum.ieee.org/top-programming-languages-2024,2024-08-22,ieee-2024-manual-8metrics
2024,spectrum,46,Ocaml,0.002200734,https://spectrum.ieee.org/top-programming-languages-2024,2024-08-22,ieee-2024-manual-8metrics
2024,spectrum,47,WebAssembly,0.001590394,https://spectrum.ieee.org/top-programming-languages-2024,2024-08-22,ieee-2024-manual-8metrics
2024,spectrum,48,Erlang,0.001422572,https://spectrum.ieee.org/top-programming-languages-2024,2024-08-22,ieee-2024-manual-8metrics
2024,spectrum,49,CoffeeScript,0.001392689,https://spectrum.ieee.org/top-programming-languages-2024,2024-08-22,ieee-2024-manual-8metrics
2024,spectrum,50,Ada,0.001359575,https://spectrum.ieee.org/top-programming-languages-2024,2024-08-22,ieee-2024-manual-8metrics
2024,spectrum,51,D,0.001251311,https://spectrum.ieee.org/top-programming-languages-2024,2024-08-22,ieee-2024-manual-8metrics
2024,spectrum,52,F#,0.001043445,https://spectrum.ieee.org/top-programming-languages-2024,2024-08-22,ieee-2024-manual-8metrics
2024,spectrum,53,Scheme,0.000953869,https://spectrum.ieee.org/top-programming-languages-2024,2024-08-22,ieee-2024-manual-8metrics
2024,spectrum,54,Prolog,0.000848972,https://spectrum.ieee.org/top-programming-languages-2024,2024-08-22,ieee-2024-manual-8metrics
2024,spectrum,55,Ladder Logic,0.000550605,https://spectrum.ieee.org/top-programming-languages-2024,2024-08-22,ieee-2024-manual-8metrics
2024,jobs,1,SQL,1,https://spectrum.ieee.org/top-programming-languages-2024,2024-08-22,ieee-2024-manual-8metrics
2024,jobs,2,Python,0.986302434,https://spectrum.ieee.org/top-programming-languages-2024,2024-08-22,ieee-2024-manual-8metrics
2024,jobs,3,Java,0.881325174,https://spectrum.ieee.org/top-programming-languages-2024,2024-08-22,ieee-2024-manual-8metrics
2024,jobs,4,TypeScript,0.801686452,https://spectrum.ieee.org/top-programming-languages-2024,2024-08-22,ieee-2024-manual-8metrics
2024,jobs,5,SAS,0.576858562,https://spectrum.ieee.org/top-programming-languages-2024,2024-08-22,ieee-2024-manual-8metrics
2024,jobs,6,JavaScript,0.49746562,https://spectrum.ieee.org/top-programming-languages-2024,2024-08-22,ieee-2024-manual-8metrics
2024,jobs,7,C#,0.427116091,https://spectrum.ieee.org/top-programming-languages-2024,2024-08-22,ieee-2024-manual-8metrics
2024,jobs,8,HTML,0.293438769,https://spectrum.ieee.org/top-programming-languages-2024,2024-08-22,ieee-2024-manual-8metrics
2024,jobs,9,Shell,0.290932406,https://spectrum.ieee.org/top-programming-languages-2024,2024-08-22,ieee-2024-manual-8metrics
2024,jobs,10,C++,0.229852644,https://spectrum.ieee.org/top-programming-languages-2024,2024-08-22,ieee-2024-manual-8metrics
2024,jobs,11,Kotlin,0.213306392,https://spectrum.ieee.org/top-programming-languages-2024,2024-08-22,ieee-2024-manual-8metrics
2024,jobs,12,Scala,0.122339013,https://spectrum.ieee.org/top-programming-languages-2024,2024-08-22,ieee-2024-manual-8metrics
2024,jobs,13,C,0.120533354,https://spectrum.ieee.org/top-programming-languages-2024,2024-08-22,ieee-2024-manual-8metrics
2024,jobs,14,Go,0.118913257,https://spectrum.ieee.org/top-programming-languages-2024,2024-08-22,ieee-2024-manual-8metrics
2024,jobs,15,Solidity,0.113291496,https://spectrum.ieee.org/top-programming-languages-2024,2024-08-22,ieee-2024-manual-8metrics
2024,jobs,16,PHP,0.099192394,https://spectrum.ieee.org/top-programming-languages-2024,2024-08-22,ieee-2024-manual-8metrics
2024,jobs,17,Mathematica,0.088907886,https://spectrum.ieee.org/top-programming-languages-2024,2024-08-22,ieee-2024-manual-8metrics
2024,jobs,18,Ruby,0.075411089,https://spectrum.ieee.org/top-programming-languages-2024,2024-08-22,ieee-2024-manual-8metrics
2024,jobs,19,Groovy,0.071136671,https://spectrum.ieee.org/top-programming-languages-2024,2024-08-22,ieee-2024-manual-8metrics
2024,jobs,20,Dart,0.07108486,https://spectrum.ieee.org/top-programming-languages-2024,2024-08-22,ieee-2024-manual-8metrics
2024,jobs,21,R,0.060996198,https://spectrum.ieee.org/top-programming-languages-2024,2024-08-22,ieee-2024-manual-8metrics
2024,jobs,22,Swift,0.047633851,https://spectrum.ieee.org/top-programming-languages-2024,2024-08-22,ieee-2024-manual-8metrics
2024,jobs,23,Apex,0.046306191,https://spectrum.ieee.org/top-programming-languages-2024,2024-08-22,ieee-2024-manual-8metrics
2024,jobs,24,Rust,0.045412449,https://spectrum.ieee.org/top-programming-languages-2024,2024-08-22,ieee-2024-manual-8metrics
2024,jobs,25,Matlab,0.0446029,https://spectrum.ieee.org/top-programming-languages-2024,2024-08-22,ieee-2024-manual-8metrics
2024,jobs,26,Visual Basic,0.042465691,https://spectrum.ieee.org/top-programming-languages-2024,2024-08-22,ieee-2024-manual-8metrics
2024,jobs,27,Perl,0.042329687,https://spectrum.ieee.org/top-programming-languages-2024,2024-08-22,ieee-2024-manual-8metrics
2024,jobs,28,ABAP,0.033321028,https://spectrum.ieee.org/top-programming-languages-2024,2024-08-22,ieee-2024-manual-8metrics
2024,jobs,28,LabView,0.033321028,https://spectrum.ieee.org/top-programming-languages-2024,2024-08-22,ieee-2024-manual-8metrics
2024,jobs,30,TCL,0.026656823,https://spectrum.ieee.org/top-programming-languages-2024,2024-08-22,ieee-2024-manual-8metrics
2024,jobs,31,Cobol,0.018632575,https://spectrum.ieee.org/top-programming-languages-2024,2024-08-22,ieee-2024-manual-8metrics
2024,jobs,32,Objective-C,0.013587467,https://spectrum.ieee.org/top-programming-languages-2024,2024-08-22,ieee-2024-manual-8metrics
2024,jobs,33,Assembly,0.012622485,https://spectrum.ieee.org/top-programming-languages-2024,2024-08-22,ieee-2024-manual-8metrics
2024,jobs,34,VHDL,0.012123803,https://spectrum.ieee.org/top-programming-languages-2024,2024-08-22,ieee-2024-manual-8metrics
2024,jobs,35,Elixir,0.011107009,https://spectrum.ieee.org/top-programming-languages-2024,2024-08-22,ieee-2024-manual-8metrics
2024,jobs,36,Verilog,0.010608327,https://spectrum.ieee.org/top-programming-languages-2024,2024-08-22,ieee-2024-manual-8metrics
2024,jobs,37,Pascal,0.008231492,https://spectrum.ieee.org/top-programming-languages-2024,2024-08-22,ieee-2024-manual-8metrics
2024,jobs,38,Clojure,0.007421943,https://spectrum.ieee.org/top-programming-languages-2024,2024-08-22,ieee-2024-manual-8metrics
2024,jobs,39,Fortran,0.005200541,https://spectrum.ieee.org/top-programming-languages-2024,2024-08-22,ieee-2024-manual-8metrics
2024,jobs,40,Cuda,0.004494615,https://spectrum.ieee.org/top-programming-languages-2024,2024-08-22,ieee-2024-manual-8metrics
2024,jobs,41,Arduino,0.002273213,https://spectrum.ieee.org/top-programming-languages-2024,2024-08-22,ieee-2024-manual-8metrics
2024,jobs,42,WebAssembly,0.002221402,https://spectrum.ieee.org/top-programming-languages-2024,2024-08-22,ieee-2024-manual-8metrics
2024,jobs,43,Julia,0.000757738,https://spectrum.ieee.org/top-programming-languages-2024,2024-08-22,ieee-2024-manual-8metrics
2024,jobs,44,Ada,0,https://spectrum.ieee.org/top-programming-languages-2024,2024-08-22,ieee-2024-manual-8metrics
2024,jobs,44,CoffeeScript,0,https://spectrum.ieee.org/top-programming-languages-2024,2024-08-22,ieee-2024-manual-8metrics
2024,jobs,44,D,0,https://spectrum.ieee.org/top-programming-languages-2024,2024-08-22,ieee-2024-manual-8metrics
2024,jobs,44,Erlang,0,https://spectrum.ieee.org/top-programming-languages-2024,2024-08-22,ieee-2024-manual-8metrics
2024,jobs,44,F#,0,https://spectrum.ieee.org/top-programming-languages-2024,2024-08-22,ieee-2024-manual-8metrics
2024,jobs,44,Haskell,0,https://spectrum.ieee.org/top-programming-languages-2024,2024-08-22,ieee-2024-manual-8metrics
2024,jobs,44,Ladder Logic,0,https://spectrum.ieee.org/top-programming-languages-2024,2024-08-22,ieee-2024-manual-8metrics
2024,jobs,44,Lisp,0,https://spectrum.ieee.org/top-programming-languages-2024,2024-08-22,ieee-2024-manual-8metrics
2024,jobs,44,Lua,0,https://spectrum.ieee.org/top-programming-languages-2024,2024-08-22,ieee-2024-manual-8metrics
2024,jobs,44,Ocaml,0,https://spectrum.ieee.org/top-programming-languages-2024,2024-08-22,ieee-2024-manual-8metrics
2024,jobs,44,Prolog,0,https://spectrum.ieee.org/top-programming-languages-2024,2024-08-22,ieee-2024-manual-8metrics
2024,jobs,44,Scheme,0,https://spectrum.ieee.org/top-programming-languages-2024,2024-08-22,ieee-2024-manual-8metrics
2024,trending,1,Python,1,https://spectrum.ieee.org/top-programming-languages-2024,2024-08-22,ieee-2024-manual-8metrics
2024,trending,2,Java,0.605536989,https://spectrum.ieee.org/top-programming-languages-2024,2024-08-22,ieee-2024-manual-8metrics
2024,trending,3,JavaScript,0.473184341,https://spectrum.ieee.org/top-programming-languages-2024,2024-08-22,ieee-2024-manual-8metrics
2024,trending,4,C++,0.430457737,https://spectrum.ieee.org/top-programming-languages-2024,2024-08-22,ieee-2024-manual-8metrics
2024,trending,5,C,0.25879754,https://spectrum.ieee.org/top-programming-languages-2024,2024-08-22,ieee-2024-manual-8metrics
2024,trending,6,TypeScript,0.252591305,https://spectrum.ieee.org/top-programming-languages-2024,2024-08-22,ieee-2024-manual-8metrics
2024,trending,7,Go,0.219479347,https://spectrum.ieee.org/top-programming-languages-2024,2024-08-22,ieee-2024-manual-8metrics
2024,trending,8,C#,0.214764397,https://spectrum.ieee.org/top-programming-languages-2024,2024-08-22,ieee-2024-manual-8metrics
2024,trending,9,HTML,0.184546931,https://spectrum.ieee.org/top-programming-languages-2024,2024-08-22,ieee-2024-manual-8metrics
2024,trending,10,Rust,0.154393241,https://spectrum.ieee.org/top-programming-languages-2024,2024-08-22,ieee-2024-manual-8metrics
2024,trending,11,SQL,0.145828794,https://spectrum.ieee.org/top-programming-languages-2024,2024-08-22,ieee-2024-manual-8metrics
2024,trending,12,Mathematica,0.134632495,https://spectrum.ieee.org/top-programming-languages-2024,2024-08-22,ieee-2024-manual-8metrics
2024,trending,13,PHP,0.132060074,https://spectrum.ieee.org/top-programming-languages-2024,2024-08-22,ieee-2024-manual-8metrics
2024,trending,14,Lua,0.111489693,https://spectrum.ieee.org/top-programming-languages-2024,2024-08-22,ieee-2024-manual-8metrics
2024,trending,15,Shell,0.098813762,https://spectrum.ieee.org/top-programming-languages-2024,2024-08-22,ieee-2024-manual-8metrics
2024,trending,16,Dart,0.079263469,https://spectrum.ieee.org/top-programming-languages-2024,2024-08-22,ieee-2024-manual-8metrics
2024,trending,17,R,0.073689943,https://spectrum.ieee.org/top-programming-languages-2024,2024-08-22,ieee-2024-manual-8metrics
2024,trending,18,Ruby,0.07269404,https://spectrum.ieee.org/top-programming-languages-2024,2024-08-22,ieee-2024-manual-8metrics
2024,trending,19,SAS,0.070669837,https://spectrum.ieee.org/top-programming-languages-2024,2024-08-22,ieee-2024-manual-8metrics
2024,trending,20,Kotlin,0.070167093,https://spectrum.ieee.org/top-programming-languages-2024,2024-08-22,ieee-2024-manual-8metrics
2024,trending,21,Swift,0.052933879,https://spectrum.ieee.org/top-programming-languages-2024,2024-08-22,ieee-2024-manual-8metrics
2024,trending,22,Scala,0.036952533,https://spectrum.ieee.org/top-programming-languages-2024,2024-08-22,ieee-2024-manual-8metrics
2024,trending,23,Solidity,0.01624816,https://spectrum.ieee.org/top-programming-languages-2024,2024-08-22,ieee-2024-manual-8metrics
2024,trending,24,Perl,0.01440787,https://spectrum.ieee.org/top-programming-languages-2024,2024-08-22,ieee-2024-manual-8metrics
2024,trending,25,Objective-C,0.01412832,https://spectrum.ieee.org/top-programming-languages-2024,2024-08-22,ieee-2024-manual-8metrics
2024,trending,26,Groovy,0.013741877,https://spectrum.ieee.org/top-programming-languages-2024,2024-08-22,ieee-2024-manual-8metrics
2024,trending,27,Matlab,0.013421772,https://spectrum.ieee.org/top-programming-languages-2024,2024-08-22,ieee-2024-manual-8metrics
2024,trending,28,Arduino,0.010639976,https://spectrum.ieee.org/top-programming-languages-2024,2024-08-22,ieee-2024-manual-8metrics
2024,trending,29,Julia,0.009492426,https://spectrum.ieee.org/top-programming-languages-2024,2024-08-22,ieee-2024-manual-8metrics
2024,trending,30,Visual Basic,0.008488954,https://spectrum.ieee.org/top-programming-languages-2024,2024-08-22,ieee-2024-manual-8metrics
2024,trending,31,Pascal,0.008306409,https://spectrum.ieee.org/top-programming-languages-2024,2024-08-22,ieee-2024-manual-8metrics
2024,trending,32,Assembly,0.00758415,https://spectrum.ieee.org/top-programming-languages-2024,2024-08-22,ieee-2024-manual-8metrics
2024,trending,33,Elixir,0.007345283,https://spectrum.ieee.org/top-programming-languages-2024,2024-08-22,ieee-2024-manual-8metrics
2024,trending,34,Apex,0.00589666,https://spectrum.ieee.org/top-programming-languages-2024,2024-08-22,ieee-2024-manual-8metrics
2024,trending,35,ABAP,0.005713565,https://spectrum.ieee.org/top-programming-languages-2024,2024-08-22,ieee-2024-manual-8metrics
2024,trending,36,Haskell,0.005697012,https://spectrum.ieee.org/top-programming-languages-2024,2024-08-22,ieee-2024-manual-8metrics
2024,trending,37,Verilog,0.005512498,https://spectrum.ieee.org/top-programming-languages-2024,2024-08-22,ieee-2024-manual-8metrics
2024,trending,38,LabView,0.004483542,https://spectrum.ieee.org/top-programming-languages-2024,2024-08-22,ieee-2024-manual-8metrics
2024,trending,39,Cuda,0.004246038,https://spectrum.ieee.org/top-programming-languages-2024,2024-08-22,ieee-2024-manual-8metrics
2024,trending,40,Lisp,0.003758571,https://spectrum.ieee.org/top-programming-languages-2024,2024-08-22,ieee-2024-manual-8metrics
2024,trending,41,Fortran,0.003697725,https://spectrum.ieee.org/top-programming-languages-2024,2024-08-22,ieee-2024-manual-8metrics
2024,trending,42,Cobol,0.003654646,https://spectrum.ieee.org/top-programming-languages-2024,2024-08-22,ieee-2024-manual-8metrics
2024,trending,43,TCL,0.003482196,https://spectrum.ieee.org/top-programming-languages-2024,2024-08-22,ieee-2024-manual-8metrics
2024,trending,44,Clojure,0.003132149,https://spectrum.ieee.org/top-programming-languages-2024,2024-08-22,ieee-2024-manual-8metrics
2024,trending,45,Ocaml,0.002812611,https://spectrum.ieee.org/top-programming-languages-2024,2024-08-22,ieee-2024-manual-8metrics
2024,trending,46,Ada,0.002215491,https://spectrum.ieee.org/top-programming-languages-2024,2024-08-22,ieee-2024-manual-8metrics
2024,trending,47,WebAssembly,0.002156686,https://spectrum.ieee.org/top-programming-languages-2024,2024-08-22,ieee-2024-manual-8metrics
2024,trending,48,D,0.002039071,https://spectrum.ieee.org/top-programming-languages-2024,2024-08-22,ieee-2024-manual-8metrics
2024,trending,49,Erlang,0.00194515,https://spectrum.ieee.org/top-programming-languages-2024,2024-08-22,ieee-2024-manual-8metrics
2024,trending,50,VHDL,0.001891159,https://spectrum.ieee.org/top-programming-languages-2024,2024-08-22,ieee-2024-manual-8metrics
2024,trending,51,F#,0.001471873,https://spectrum.ieee.org/top-programming-languages-2024,2024-08-22,ieee-2024-manual-8metrics
2024,trending,52,Scheme,0.001376822,https://spectrum.ieee.org/top-programming-languages-2024,2024-08-22,ieee-2024-manual-8metrics
2024,trending,53,Prolog,0.001362764,https://spectrum.ieee.org/top-programming-languages-2024,2024-08-22,ieee-2024-manual-8metrics
2024,trending,54,CoffeeScript,0.001349148,https://spectrum.ieee.org/top-programming-languages-2024,2024-08-22,ieee-2024-manual-8metrics
2024,trending,55,Ladder Logic,0.000773186,https://spectrum.ieee.org/top-programming-languages-2024,2024-08-22,ieee-2024-manual-8metrics
2023,spectrum,1,Python,1.0000000000,https://spectrum.ieee.org/the-top-programming-languages-2023,2023-08-29,ieee-2023-8metrics
2023,spectrum,2,Java,0.5880474955,https://spectrum.ieee.org/the-top-programming-languages-2023,2023-08-29,ieee-2023-8metrics
2023,spectrum,3,C++,0.5379862895,https://spectrum.ieee.org/the-top-programming-languages-2023,2023-08-29,ieee-2023-8metrics
2023,spectrum,4,C,0.4641345782,https://spectrum.ieee.org/the-top-programming-languages-2023,2023-08-29,ieee-2023-8metrics
2023,spectrum,5,JavaScript,0.4638085453,https://spectrum.ieee.org/the-top-programming-languages-2023,2023-08-29,ieee-2023-8metrics
2023,spectrum,6,C#,0.3972900770,https://spectrum.ieee.org/the-top-programming-languages-2023,2023-08-29,ieee-2023-8metrics
2023,spectrum,7,SQL,0.3397030124,https://spectrum.ieee.org/the-top-programming-languages-2023,2023-08-29,ieee-2023-8metrics
2023,spectrum,8,Go,0.2156857808,https://spectrum.ieee.org/the-top-programming-languages-2023,2023-08-29,ieee-2023-8metrics
2023,spectrum,9,TypeScript,0.1794249468,https://spectrum.ieee.org/the-top-programming-languages-2023,2023-08-29,ieee-2023-8metrics
2023,spectrum,10,HTML,0.1389956652,https://spectrum.ieee.org/the-top-programming-languages-2023,2023-08-29,ieee-2023-8metrics
2023,spectrum,11,R,0.1316078703,https://spectrum.ieee.org/the-top-programming-languages-2023,2023-08-29,ieee-2023-8metrics
2023,spectrum,12,Shell,0.1286091622,https://spectrum.ieee.org/the-top-programming-languages-2023,2023-08-29,ieee-2023-8metrics
2023,spectrum,13,PHP,0.1186480054,https://spectrum.ieee.org/the-top-programming-languages-2023,2023-08-29,ieee-2023-8metrics
2023,spectrum,14,Ruby,0.0680276359,https://spectrum.ieee.org/the-top-programming-languages-2023,2023-08-29,ieee-2023-8metrics
2023,spectrum,15,SAS,0.0640330334,https://spectrum.ieee.org/the-top-programming-languages-2023,2023-08-29,ieee-2023-8metrics
2023,spectrum,16,Swift,0.0629439974,https://spectrum.ieee.org/the-top-programming-languages-2023,2023-08-29,ieee-2023-8metrics
2023,spectrum,17,Dart,0.0593934392,https://spectrum.ieee.org/the-top-programming-languages-2023,2023-08-29,ieee-2023-8metrics
2023,spectrum,18,Rust,0.0576495956,https://spectrum.ieee.org/the-top-programming-languages-2023,2023-08-29,ieee-2023-8metrics
2023,spectrum,19,Kotlin,0.0522623937,https://spectrum.ieee.org/the-top-programming-languages-2023,2023-08-29,ieee-2023-8metrics
2023,spectrum,20,Matlab,0.0501884465,https://spectrum.ieee.org/the-top-programming-languages-2023,2023-08-29,ieee-2023-8metrics
2023,spectrum,21,Scala,0.0448789500,https://spectrum.ieee.org/the-top-programming-languages-2023,2023-08-29,ieee-2023-8metrics
2023,spectrum,22,Assembly,0.0382811760,https://spectrum.ieee.org/the-top-programming-languages-2023,2023-08-29,ieee-2023-8metrics
2023,spectrum,23,Perl,0.0373105504,https://spectrum.ieee.org/the-top-programming-languages-2023,2023-08-29,ieee-2023-8metrics
2023,spectrum,24,Visual Basic,0.0325863885,https://spectrum.ieee.org/the-top-programming-languages-2023,2023-08-29,ieee-2023-8metrics
2023,spectrum,25,Objective-C,0.0270802083,https://spectrum.ieee.org/the-top-programming-languages-2023,2023-08-29,ieee-2023-8metrics
2023,spectrum,26,Lua,0.0225079315,https://spectrum.ieee.org/the-top-programming-languages-2023,2023-08-29,ieee-2023-8metrics
2023,spectrum,27,Fortran,0.0186470451,https://spectrum.ieee.org/the-top-programming-languages-2023,2023-08-29,ieee-2023-8metrics
2023,spectrum,28,Verilog,0.0176488072,https://spectrum.ieee.org/the-top-programming-languages-2023,2023-08-29,ieee-2023-8metrics
2023,spectrum,29,Groovy,0.0151244332,https://spectrum.ieee.org/the-top-programming-languages-2023,2023-08-29,ieee-2023-8metrics
2023,spectrum,30,Julia,0.0146266146,https://spectrum.ieee.org/the-top-programming-languages-2023,2023-08-29,ieee-2023-8metrics
2023,spectrum,31,Clojure,0.0122375379,https://spectrum.ieee.org/the-top-programming-languages-2023,2023-08-29,ieee-2023-8metrics
2023,spectrum,32,Arduino,0.0116580858,https://spectrum.ieee.org/the-top-programming-languages-2023,2023-08-29,ieee-2023-8metrics
2023,spectrum,33,Elixir,0.0115550370,https://spectrum.ieee.org/the-top-programming-languages-2023,2023-08-29,ieee-2023-8metrics
2023,spectrum,34,Cobol,0.0108729704,https://spectrum.ieee.org/the-top-programming-languages-2023,2023-08-29,ieee-2023-8metrics
2023,spectrum,35,VHDL,0.0107170815,https://spectrum.ieee.org/the-top-programming-languages-2023,2023-08-29,ieee-2023-8metrics
2023,spectrum,36,Ada,0.0106859148,https://spectrum.ieee.org/the-top-programming-languages-2023,2023-08-29,ieee-2023-8metrics
2023,spectrum,37,Mathematica,0.0101566673,https://spectrum.ieee.org/the-top-programming-languages-2023,2023-08-29,ieee-2023-8metrics
2023,spectrum,38,Erlang,0.0099467788,https://spectrum.ieee.org/the-top-programming-languages-2023,2023-08-29,ieee-2023-8metrics
2023,spectrum,39,WebAssembly,0.0095088604,https://spectrum.ieee.org/the-top-programming-languages-2023,2023-08-29,ieee-2023-8metrics
2023,spectrum,40,Cuda,0.0093694975,https://spectrum.ieee.org/the-top-programming-languages-2023,2023-08-29,ieee-2023-8metrics
2023,spectrum,41,LabView,0.0091214468,https://spectrum.ieee.org/the-top-programming-languages-2023,2023-08-29,ieee-2023-8metrics
2023,spectrum,42,D,0.0070365767,https://spectrum.ieee.org/the-top-programming-languages-2023,2023-08-29,ieee-2023-8metrics
2023,spectrum,43,Haskell,0.0070022442,https://spectrum.ieee.org/the-top-programming-languages-2023,2023-08-29,ieee-2023-8metrics
2023,spectrum,44,F#,0.0069628112,https://spectrum.ieee.org/the-top-programming-languages-2023,2023-08-29,ieee-2023-8metrics
2023,spectrum,45,Pascal/Delphi,0.0068307673,https://spectrum.ieee.org/the-top-programming-languages-2023,2023-08-29,ieee-2023-8metrics
2023,spectrum,46,Ocaml,0.0067804934,https://spectrum.ieee.org/the-top-programming-languages-2023,2023-08-29,ieee-2023-8metrics
2023,spectrum,47,TCL,0.0062563336,https://spectrum.ieee.org/the-top-programming-languages-2023,2023-08-29,ieee-2023-8metrics
2023,spectrum,48,J,0.0057880616,https://spectrum.ieee.org/the-top-programming-languages-2023,2023-08-29,ieee-2023-8metrics
2023,spectrum,49,Lisp,0.0047867502,https://spectrum.ieee.org/the-top-programming-languages-2023,2023-08-29,ieee-2023-8metrics
2023,spectrum,50,ABAP,0.0036624948,https://spectrum.ieee.org/the-top-programming-languages-2023,2023-08-29,ieee-2023-8metrics
2023,spectrum,51,Prolog,0.0026278616,https://spectrum.ieee.org/the-top-programming-languages-2023,2023-08-29,ieee-2023-8metrics
2023,spectrum,52,Scheme,0.0012896801,https://spectrum.ieee.org/the-top-programming-languages-2023,2023-08-29,ieee-2023-8metrics
2023,spectrum,53,CoffeeScript,0.0012271851,https://spectrum.ieee.org/the-top-programming-languages-2023,2023-08-29,ieee-2023-8metrics
2023,spectrum,54,Ladder Logic,0.0011681916,https://spectrum.ieee.org/the-top-programming-languages-2023,2023-08-29,ieee-2023-8metrics
2023,spectrum,55,Forth,0.0005397394,https://spectrum.ieee.org/the-top-programming-languages-2023,2023-08-29,ieee-2023-8metrics
2023,spectrum,56,Eiffel,0.0002463613,https://spectrum.ieee.org/the-top-programming-languages-2023,2023-08-29,ieee-2023-8metrics
2023,spectrum,57,Elm,0.0001092585,https://spectrum.ieee.org/the-top-programming-languages-2023,2023-08-29,ieee-2023-8metrics
2023,spectrum,58,Raku,0.0000000000,https://spectrum.ieee.org/the-top-programming-languages-2023,2023-08-29,ieee-2023-8metrics
2023,jobs,1,SQL,1.0000000000,https://spectrum.ieee.org/the-top-programming-languages-2023,2023-08-29,ieee-2023-8metrics
2023,jobs,2,Python,0.8912711652,https://spectrum.ieee.org/the-top-programming-languages-2023,2023-08-29,ieee-2023-8metrics
2023,jobs,3,Java,0.7899181195,https://spectrum.ieee.org/the-top-programming-languages-2023,2023-08-29,ieee-2023-8metrics
2023,jobs,4,JavaScript,0.5513997463,https://spectrum.ieee.org/the-top-programming-languages-2023,2023-08-29,ieee-2023-8metrics
2023,jobs,5,C++,0.4551259608,https://spectrum.ieee.org/the-top-programming-languages-2023,2023-08-29,ieee-2023-8metrics
2023,jobs,6,C#,0.3076251631,https://spectrum.ieee.org/the-top-programming-languages-2023,2023-08-29,ieee-2023-8metrics
2023,jobs,7,C,0.3047650941,https://spectrum.ieee.org/the-top-programming-languages-2023,2023-08-29,ieee-2023-8metrics
2023,jobs,8,HTML,0.2977954404,https://spectrum.ieee.org/the-top-programming-languages-2023,2023-08-29,ieee-2023-8metrics
2023,jobs,9,Shell,0.2547088644,https://spectrum.ieee.org/the-top-programming-languages-2023,2023-08-29,ieee-2023-8metrics
2023,jobs,10,SAS,0.1737008326,https://spectrum.ieee.org/the-top-programming-languages-2023,2023-08-29,ieee-2023-8metrics
2023,jobs,11,TypeScript,0.1661396948,https://spectrum.ieee.org/the-top-programming-languages-2023,2023-08-29,ieee-2023-8metrics
2023,jobs,12,Go,0.0819162587,https://spectrum.ieee.org/the-top-programming-languages-2023,2023-08-29,ieee-2023-8metrics
2023,jobs,13,Matlab,0.0795291415,https://spectrum.ieee.org/the-top-programming-languages-2023,2023-08-29,ieee-2023-8metrics
2023,jobs,14,Visual Basic,0.0756622583,https://spectrum.ieee.org/the-top-programming-languages-2023,2023-08-29,ieee-2023-8metrics
2023,jobs,15,Perl,0.0746864517,https://spectrum.ieee.org/the-top-programming-languages-2023,2023-08-29,ieee-2023-8metrics
2023,jobs,16,PHP,0.0727530101,https://spectrum.ieee.org/the-top-programming-languages-2023,2023-08-29,ieee-2023-8metrics
2023,jobs,17,R,0.0685042103,https://spectrum.ieee.org/the-top-programming-languages-2023,2023-08-29,ieee-2023-8metrics
2023,jobs,18,Swift,0.0637799511,https://spectrum.ieee.org/the-top-programming-languages-2023,2023-08-29,ieee-2023-8metrics
2023,jobs,19,Scala,0.0585356724,https://spectrum.ieee.org/the-top-programming-languages-2023,2023-08-29,ieee-2023-8metrics
2023,jobs,20,Ruby,0.0554501612,https://spectrum.ieee.org/the-top-programming-languages-2023,2023-08-29,ieee-2023-8metrics
2023,jobs,21,Kotlin,0.0485940754,https://spectrum.ieee.org/the-top-programming-languages-2023,2023-08-29,ieee-2023-8metrics
2023,jobs,22,WebAssembly,0.0436823341,https://spectrum.ieee.org/the-top-programming-languages-2023,2023-08-29,ieee-2023-8metrics
2023,jobs,23,Objective-C,0.0409529832,https://spectrum.ieee.org/the-top-programming-languages-2023,2023-08-29,ieee-2023-8metrics
2023,jobs,24,Groovy,0.0285691442,https://spectrum.ieee.org/the-top-programming-languages-2023,2023-08-29,ieee-2023-8metrics
2023,jobs,25,F#,0.0233666598,https://spectrum.ieee.org/the-top-programming-languages-2023,2023-08-29,ieee-2023-8metrics
2023,jobs,26,LabView,0.0232558140,https://spectrum.ieee.org/the-top-programming-languages-2023,2023-08-29,ieee-2023-8metrics
2023,jobs,27,Verilog,0.0203847258,https://spectrum.ieee.org/the-top-programming-languages-2023,2023-08-29,ieee-2023-8metrics
2023,jobs,28,J,0.0200285655,https://spectrum.ieee.org/the-top-programming-languages-2023,2023-08-29,ieee-2023-8metrics
2023,jobs,29,Ada,0.0172646889,https://spectrum.ieee.org/the-top-programming-languages-2023,2023-08-29,ieee-2023-8metrics
2023,jobs,30,Rust,0.0161507794,https://spectrum.ieee.org/the-top-programming-languages-2023,2023-08-29,ieee-2023-8metrics
2023,jobs,31,TCL,0.0152167672,https://spectrum.ieee.org/the-top-programming-languages-2023,2023-08-29,ieee-2023-8metrics
2023,jobs,32,Cobol,0.0148951326,https://spectrum.ieee.org/the-top-programming-languages-2023,2023-08-29,ieee-2023-8metrics
2023,jobs,33,VHDL,0.0117714614,https://spectrum.ieee.org/the-top-programming-languages-2023,2023-08-29,ieee-2023-8metrics
2023,jobs,34,Assembly,0.0117484927,https://spectrum.ieee.org/the-top-programming-languages-2023,2023-08-29,ieee-2023-8metrics
2023,jobs,35,Cuda,0.0111972438,https://spectrum.ieee.org/the-top-programming-languages-2023,2023-08-29,ieee-2023-8metrics
2023,jobs,36,Dart,0.0099415970,https://spectrum.ieee.org/the-top-programming-languages-2023,2023-08-29,ieee-2023-8metrics
2023,jobs,37,Fortran,0.0082189441,https://spectrum.ieee.org/the-top-programming-languages-2023,2023-08-29,ieee-2023-8metrics
2023,jobs,38,ABAP,0.0071777204,https://spectrum.ieee.org/the-top-programming-languages-2023,2023-08-29,ieee-2023-8metrics
2023,jobs,39,Mathematica,0.0063163939,https://spectrum.ieee.org/the-top-programming-languages-2023,2023-08-29,ieee-2023-8metrics
2023,jobs,40,Arduino,0.0048808498,https://spectrum.ieee.org/the-top-programming-languages-2023,2023-08-29,ieee-2023-8metrics
2023,jobs,40,Elixir,0.0048808498,https://spectrum.ieee.org/the-top-programming-languages-2023,2023-08-29,ieee-2023-8metrics
2023,jobs,42,Julia,0.0034453058,https://spectrum.ieee.org/the-top-programming-languages-2023,2023-08-29,ieee-2023-8metrics
2023,jobs,43,Pascal/Delphi,0.0022968705,https://spectrum.ieee.org/the-top-programming-languages-2023,2023-08-29,ieee-2023-8metrics
2023,jobs,43,Ladder Logic,0.0022968705,https://spectrum.ieee.org/the-top-programming-languages-2023,2023-08-29,ieee-2023-8metrics
2023,jobs,45,Lua,0.0011484353,https://spectrum.ieee.org/the-top-programming-languages-2023,2023-08-29,ieee-2023-8metrics
2023,jobs,45,Clojure,0.0011484353,https://spectrum.ieee.org/the-top-programming-languages-2023,2023-08-29,ieee-2023-8metrics
2023,jobs,47,Forth,0.0008613264,https://spectrum.ieee.org/the-top-programming-languages-2023,2023-08-29,ieee-2023-8metrics
2023,jobs,48,Haskell,0.0002871088,https://spectrum.ieee.org/the-top-programming-languages-2023,2023-08-29,ieee-2023-8metrics
2023,jobs,48,Lisp,0.0002871088,https://spectrum.ieee.org/the-top-programming-languages-2023,2023-08-29,ieee-2023-8metrics
2023,jobs,48,Erlang,0.0002871088,https://spectrum.ieee.org/the-top-programming-languages-2023,2023-08-29,ieee-2023-8metrics
2023,jobs,48,Elm,0.0002871088,https://spectrum.ieee.org/the-top-programming-languages-2023,2023-08-29,ieee-2023-8metrics
2023,jobs,52,D,0.0000000000,https://spectrum.ieee.org/the-top-programming-languages-2023,2023-08-29,ieee-2023-8metrics
2023,jobs,52,Prolog,0.0000000000,https://spectrum.ieee.org/the-top-programming-languages-2023,2023-08-29,ieee-2023-8metrics
2023,jobs,52,Scheme,0.0000000000,https://spectrum.ieee.org/the-top-programming-languages-2023,2023-08-29,ieee-2023-8metrics
2023,jobs,52,Ocaml,0.0000000000,https://spectrum.ieee.org/the-top-programming-languages-2023,2023-08-29,ieee-2023-8metrics
2023,jobs,52,CoffeeScript,0.0000000000,https://spectrum.ieee.org/the-top-programming-languages-2023,2023-08-29,ieee-2023-8metrics
2023,jobs,52,Eiffel,0.0000000000,https://spectrum.ieee.org/the-top-programming-languages-2023,2023-08-29,ieee-2023-8metrics
2023,jobs,52,Raku,0.0000000000,https://spectrum.ieee.org/the-top-programming-languages-2023,2023-08-29,ieee-2023-8metrics
2023,trending,1,Python,1.0000000000,https://spectrum.ieee.org/the-top-programming-languages-2023,2023-08-29,ieee-2023-8metrics
2023,trending,2,Java,0.7357606821,https://spectrum.ieee.org/the-top-programming-languages-2023,2023-08-29,ieee-2023-8metrics
2023,trending,3,JavaScript,0.5540220960,https://spectrum.ieee.org/the-top-programming-languages-2023,2023-08-29,ieee-2023-8metrics
2023,trending,4,C++,0.4599080999,https://spectrum.ieee.org/the-top-programming-languages-2023,2023-08-29,ieee-2023-8metrics
2023,trending,5,SQL,0.4427460750,https://spectrum.ieee.org/the-top-programming-languages-2023,2023-08-29,ieee-2023-8metrics
2023,trending,6,C#,0.4186600506,https://spectrum.ieee.org/the-top-programming-languages-2023,2023-08-29,ieee-2023-8metrics
2023,trending,7,C,0.3496567522,https://spectrum.ieee.org/the-top-programming-languages-2023,2023-08-29,ieee-2023-8metrics
2023,trending,8,HTML,0.2020101020,https://spectrum.ieee.org/the-top-programming-languages-2023,2023-08-29,ieee-2023-8metrics
2023,trending,9,Go,0.1921144654,https://spectrum.ieee.org/the-top-programming-languages-2023,2023-08-29,ieee-2023-8metrics
2023,trending,10,TypeScript,0.1881968881,https://spectrum.ieee.org/the-top-programming-languages-2023,2023-08-29,ieee-2023-8metrics
2023,trending,11,Shell,0.1420112544,https://spectrum.ieee.org/the-top-programming-languages-2023,2023-08-29,ieee-2023-8metrics
2023,trending,12,PHP,0.1143823789,https://spectrum.ieee.org/the-top-programming-languages-2023,2023-08-29,ieee-2023-8metrics
2023,trending,13,R,0.1080176224,https://spectrum.ieee.org/the-top-programming-languages-2023,2023-08-29,ieee-2023-8metrics
2023,trending,14,Swift,0.0706898720,https://spectrum.ieee.org/the-top-programming-languages-2023,2023-08-29,ieee-2023-8metrics
2023,trending,15,SAS,0.0651197258,https://spectrum.ieee.org/the-top-programming-languages-2023,2023-08-29,ieee-2023-8metrics
2023,trending,16,Dart,0.0627535554,https://spectrum.ieee.org/the-top-programming-languages-2023,2023-08-29,ieee-2023-8metrics
2023,trending,17,Rust,0.0510128976,https://spectrum.ieee.org/the-top-programming-languages-2023,2023-08-29,ieee-2023-8metrics
2023,trending,18,Ruby,0.0506726595,https://spectrum.ieee.org/the-top-programming-languages-2023,2023-08-29,ieee-2023-8metrics
2023,trending,19,Kotlin,0.0497600287,https://spectrum.ieee.org/the-top-programming-languages-2023,2023-08-29,ieee-2023-8metrics
2023,trending,20,Visual Basic,0.0426549061,https://spectrum.ieee.org/the-top-programming-languages-2023,2023-08-29,ieee-2023-8metrics
2023,trending,21,Matlab,0.0419925350,https://spectrum.ieee.org/the-top-programming-languages-2023,2023-08-29,ieee-2023-8metrics
2023,trending,22,Scala,0.0389857932,https://spectrum.ieee.org/the-top-programming-languages-2023,2023-08-29,ieee-2023-8metrics
2023,trending,23,Perl,0.0357280155,https://spectrum.ieee.org/the-top-programming-languages-2023,2023-08-29,ieee-2023-8metrics
2023,trending,24,Assembly,0.0294798750,https://spectrum.ieee.org/the-top-programming-languages-2023,2023-08-29,ieee-2023-8metrics
2023,trending,25,Objective-C,0.0286159176,https://spectrum.ieee.org/the-top-programming-languages-2023,2023-08-29,ieee-2023-8metrics
2023,trending,26,WebAssembly,0.0172567228,https://spectrum.ieee.org/the-top-programming-languages-2023,2023-08-29,ieee-2023-8metrics
2023,trending,27,Groovy,0.0168868281,https://spectrum.ieee.org/the-top-programming-languages-2023,2023-08-29,ieee-2023-8metrics
2023,trending,28,Clojure,0.0147473209,https://spectrum.ieee.org/the-top-programming-languages-2023,2023-08-29,ieee-2023-8metrics
2023,trending,29,Verilog,0.0146800038,https://spectrum.ieee.org/the-top-programming-languages-2023,2023-08-29,ieee-2023-8metrics
2023,trending,30,Ada,0.0121947663,https://spectrum.ieee.org/the-top-programming-languages-2023,2023-08-29,ieee-2023-8metrics
2023,trending,31,Cobol,0.0120460773,https://spectrum.ieee.org/the-top-programming-languages-2023,2023-08-29,ieee-2023-8metrics
2023,trending,32,Erlang,0.0114444731,https://spectrum.ieee.org/the-top-programming-languages-2023,2023-08-29,ieee-2023-8metrics
2023,trending,33,F#,0.0110193590,https://spectrum.ieee.org/the-top-programming-languages-2023,2023-08-29,ieee-2023-8metrics
2023,trending,34,Elixir,0.0109434566,https://spectrum.ieee.org/the-top-programming-languages-2023,2023-08-29,ieee-2023-8metrics
2023,trending,35,Fortran,0.0101892975,https://spectrum.ieee.org/the-top-programming-languages-2023,2023-08-29,ieee-2023-8metrics
2023,trending,36,Arduino,0.0100311072,https://spectrum.ieee.org/the-top-programming-languages-2023,2023-08-29,ieee-2023-8metrics
2023,trending,37,Mathematica,0.0098437954,https://spectrum.ieee.org/the-top-programming-languages-2023,2023-08-29,ieee-2023-8metrics
2023,trending,38,Cuda,0.0097375570,https://spectrum.ieee.org/the-top-programming-languages-2023,2023-08-29,ieee-2023-8metrics
2023,trending,39,LabView,0.0088524576,https://spectrum.ieee.org/the-top-programming-languages-2023,2023-08-29,ieee-2023-8metrics
2023,trending,40,VHDL,0.0088436489,https://spectrum.ieee.org/the-top-programming-languages-2023,2023-08-29,ieee-2023-8metrics
2023,trending,41,J,0.0084307330,https://spectrum.ieee.org/the-top-programming-languages-2023,2023-08-29,ieee-2023-8metrics
2023,trending,42,Julia,0.0073444799,https://spectrum.ieee.org/the-top-programming-languages-2023,2023-08-29,ieee-2023-8metrics
2023,trending,43,Haskell,0.0064974624,https://spectrum.ieee.org/the-top-programming-languages-2023,2023-08-29,ieee-2023-8metrics
2023,trending,44,TCL,0.0062794522,https://spectrum.ieee.org/the-top-programming-languages-2023,2023-08-29,ieee-2023-8metrics
2023,trending,45,Lua,0.0062636630,https://spectrum.ieee.org/the-top-programming-languages-2023,2023-08-29,ieee-2023-8metrics
2023,trending,45,Ocaml,0.0062636630,https://spectrum.ieee.org/the-top-programming-languages-2023,2023-08-29,ieee-2023-8metrics
2023,trending,47,Pascal/Delphi,0.0047209015,https://spectrum.ieee.org/the-top-programming-languages-2023,2023-08-29,ieee-2023-8metrics
2023,trending,48,Lisp,0.0035602959,https://spectrum.ieee.org/the-top-programming-languages-2023,2023-08-29,ieee-2023-8metrics
2023,trending,49,ABAP,0.0029257294,https://spectrum.ieee.org/the-top-programming-languages-2023,2023-08-29,ieee-2023-8metrics
2023,trending,50,D,0.0022345189,https://spectrum.ieee.org/the-top-programming-languages-2023,2023-08-29,ieee-2023-8metrics
2023,trending,51,CoffeeScript,0.0014165226,https://spectrum.ieee.org/the-top-programming-languages-2023,2023-08-29,ieee-2023-8metrics
2023,trending,52,Prolog,0.0012823229,https://spectrum.ieee.org/the-top-programming-languages-2023,2023-08-29,ieee-2023-8metrics
2023,trending,53,Ladder Logic,0.0009479132,https://spectrum.ieee.org/the-top-programming-languages-2023,2023-08-29,ieee-2023-8metrics
2023,trending,54,Scheme,0.0006447205,https://spectrum.ieee.org/the-top-programming-languages-2023,2023-08-29,ieee-2023-8metrics
2023,trending,55,Forth,0.0004376393,https://spectrum.ieee.org/the-top-programming-languages-2023,2023-08-29,ieee-2023-8metrics
2023,trending,56,Elm,0.0001878785,https://spectrum.ieee.org/the-top-programming-languages-2023,2023-08-29,ieee-2023-8metrics
2023,trending,57,Eiffel,0.0001311751,https://spectrum.ieee.org/the-top-programming-languages-2023,2023-08-29,ieee-2023-8metrics
2023,trending,58,Raku,0.0000000000,https://spectrum.ieee.org/the-top-programming-languages-2023,2023-08-29,ieee-2023-8metrics
2022,spectrum,1,Python,100,https://spectrum.ieee.org/top-programming-languages-2022,2022-08-23,ieee-2022-profile-redesign
2022,spectrum,2,C,96.80210334,https://spectrum.ieee.org/top-programming-languages-2022,2022-08-23,ieee-2022-profile-redesign
2022,spectrum,3,C++,88.58016118,https://spectrum.ieee.org/top-programming-languages-2022,2022-08-23,ieee-2022-profile-redesign
2022,spectrum,4,C#,86.99247287,https://spectrum.ieee.org/top-programming-languages-2022,2022-08-23,ieee-2022-profile-redesign
2022,spectrum,5,Java,70.22000411,https://spectrum.ieee.org/top-programming-languages-2022,2022-08-23,ieee-2022-profile-redesign
2022,spectrum,6,SQL,47.3687402,https://spectrum.ieee.org/top-programming-languages-2022,2022-08-23,ieee-2022-profile-redesign
2022,spectrum,7,JavaScript,40.47836599,https://spectrum.ieee.org/top-programming-languages-2022,2022-08-23,ieee-2022-profile-redesign
2022,spectrum,8,R,18.92305376,https://spectrum.ieee.org/top-programming-languages-2022,2022-08-23,ieee-2022-profile-redesign
2022,spectrum,9,HTML,17.96736647,https://spectrum.ieee.org/top-programming-languages-2022,2022-08-23,ieee-2022-profile-redesign
2022,spectrum,10,TypeScript,16.98592102,https://spectrum.ieee.org/top-programming-languages-2022,2022-08-23,ieee-2022-profile-redesign
2022,spectrum,11,Go,13.06088303,https://spectrum.ieee.org/top-programming-languages-2022,2022-08-23,ieee-2022-profile-redesign
2022,spectrum,12,PHP,12.8619383,https://spectrum.ieee.org/top-programming-languages-2022,2022-08-23,ieee-2022-profile-redesign
2022,spectrum,13,Shell,10.11783664,https://spectrum.ieee.org/top-programming-languages-2022,2022-08-23,ieee-2022-profile-redesign
2022,spectrum,14,Ruby,9.36604671,https://spectrum.ieee.org/top-programming-languages-2022,2022-08-23,ieee-2022-profile-redesign
2022,spectrum,15,Scala,8.713247295,https://spectrum.ieee.org/top-programming-languages-2022,2022-08-23,ieee-2022-profile-redesign
2022,spectrum,16,Matlab,8.072910904,https://spectrum.ieee.org/top-programming-languages-2022,2022-08-23,ieee-2022-profile-redesign
2022,spectrum,17,SAS,7.346561937,https://spectrum.ieee.org/top-programming-languages-2022,2022-08-23,ieee-2022-profile-redesign
2022,spectrum,18,Assembly,5.72653407,https://spectrum.ieee.org/top-programming-languages-2022,2022-08-23,ieee-2022-profile-redesign
2022,spectrum,19,Kotlin,5.712685875,https://spectrum.ieee.org/top-programming-languages-2022,2022-08-23,ieee-2022-profile-redesign
2022,spectrum,20,Rust,5.011730836,https://spectrum.ieee.org/top-programming-languages-2022,2022-08-23,ieee-2022-profile-redesign
2022,spectrum,21,Perl,4.952949528,https://spectrum.ieee.org/top-programming-languages-2022,2022-08-23,ieee-2022-profile-redesign
2022,spectrum,22,Objective-C,4.304405049,https://spectrum.ieee.org/top-programming-languages-2022,2022-08-23,ieee-2022-profile-redesign
2022,spectrum,23,Dart,4.179632031,https://spectrum.ieee.org/top-programming-languages-2022,2022-08-23,ieee-2022-profile-redesign
2022,spectrum,24,Swift,3.323476928,https://spectrum.ieee.org/top-programming-languages-2022,2022-08-23,ieee-2022-profile-redesign
2022,spectrum,25,Verilog,3.306868055,https://spectrum.ieee.org/top-programming-languages-2022,2022-08-23,ieee-2022-profile-redesign
2022,spectrum,26,Arduino,3.175945753,https://spectrum.ieee.org/top-programming-languages-2022,2022-08-23,ieee-2022-profile-redesign
2022,spectrum,27,D,3.147797087,https://spectrum.ieee.org/top-programming-languages-2022,2022-08-23,ieee-2022-profile-redesign
2022,spectrum,28,Julia,2.651706926,https://spectrum.ieee.org/top-programming-languages-2022,2022-08-23,ieee-2022-profile-redesign
2022,spectrum,29,Cuda,2.457388517,https://spectrum.ieee.org/top-programming-languages-2022,2022-08-23,ieee-2022-profile-redesign
2022,spectrum,30,VHDL,2.132976199,https://spectrum.ieee.org/top-programming-languages-2022,2022-08-23,ieee-2022-profile-redesign
2022,spectrum,31,Visual Basic,2.04420391,https://spectrum.ieee.org/top-programming-languages-2022,2022-08-23,ieee-2022-profile-redesign
2022,spectrum,32,LabView,1.963381632,https://spectrum.ieee.org/top-programming-languages-2022,2022-08-23,ieee-2022-profile-redesign
2022,spectrum,33,Groovy,1.635913753,https://spectrum.ieee.org/top-programming-languages-2022,2022-08-23,ieee-2022-profile-redesign
2022,spectrum,34,Lua,1.340354657,https://spectrum.ieee.org/top-programming-languages-2022,2022-08-23,ieee-2022-profile-redesign
2022,spectrum,35,Ada,1.161190402,https://spectrum.ieee.org/top-programming-languages-2022,2022-08-23,ieee-2022-profile-redesign
2022,spectrum,36,Scheme,0.994520131,https://spectrum.ieee.org/top-programming-languages-2022,2022-08-23,ieee-2022-profile-redesign
2022,spectrum,37,ABAP,0.977579977,https://spectrum.ieee.org/top-programming-languages-2022,2022-08-23,ieee-2022-profile-redesign
2022,spectrum,38,Haskell,0.937236415,https://spectrum.ieee.org/top-programming-languages-2022,2022-08-23,ieee-2022-profile-redesign
2022,spectrum,39,Cobol,0.915385195,https://spectrum.ieee.org/top-programming-languages-2022,2022-08-23,ieee-2022-profile-redesign
2022,spectrum,40,Elixir,0.883519508,https://spectrum.ieee.org/top-programming-languages-2022,2022-08-23,ieee-2022-profile-redesign
2022,spectrum,41,F#,0.875383917,https://spectrum.ieee.org/top-programming-languages-2022,2022-08-23,ieee-2022-profile-redesign
2022,spectrum,42,Lisp,0.77098697,https://spectrum.ieee.org/top-programming-languages-2022,2022-08-23,ieee-2022-profile-redesign
2022,spectrum,43,Pascal/Delphi,0.688528403,https://spectrum.ieee.org/top-programming-languages-2022,2022-08-23,ieee-2022-profile-redesign
2022,spectrum,44,Fortran,0.585151186,https://spectrum.ieee.org/top-programming-languages-2022,2022-08-23,ieee-2022-profile-redesign
2022,spectrum,45,TCL,0.574006361,https://spectrum.ieee.org/top-programming-languages-2022,2022-08-23,ieee-2022-profile-redesign
2022,spectrum,46,Clojure,0.531940878,https://spectrum.ieee.org/top-programming-languages-2022,2022-08-23,ieee-2022-profile-redesign
2022,spectrum,47,Prolog,0.441582321,https://spectrum.ieee.org/top-programming-languages-2022,2022-08-23,ieee-2022-profile-redesign
2022,spectrum,48,Ocaml,0.422918484,https://spectrum.ieee.org/top-programming-languages-2022,2022-08-23,ieee-2022-profile-redesign
2022,spectrum,49,Ladder Logic,0.302579092,https://spectrum.ieee.org/top-programming-languages-2022,2022-08-23,ieee-2022-profile-redesign
2022,spectrum,50,Erlang,0.295991236,https://spectrum.ieee.org/top-programming-languages-2022,2022-08-23,ieee-2022-profile-redesign
2022,spectrum,51,J,0.204319781,https://spectrum.ieee.org/top-programming-languages-2022,2022-08-23,ieee-2022-profile-redesign
2022,spectrum,52,Forth,0.170146983,https://spectrum.ieee.org/top-programming-languages-2022,2022-08-23,ieee-2022-profile-redesign
2022,spectrum,53,Elm,0.168460091,https://spectrum.ieee.org/top-programming-languages-2022,2022-08-23,ieee-2022-profile-redesign
2022,spectrum,54,Raku,0.147349986,https://spectrum.ieee.org/top-programming-languages-2022,2022-08-23,ieee-2022-profile-redesign
2022,spectrum,55,WebAssembly,0.050704932,https://spectrum.ieee.org/top-programming-languages-2022,2022-08-23,ieee-2022-profile-redesign
2022,spectrum,56,CoffeeScript,0.025980981,https://spectrum.ieee.org/top-programming-languages-2022,2022-08-23,ieee-2022-profile-redesign
2022,spectrum,57,Eiffel,0,https://spectrum.ieee.org/top-programming-languages-2022,2022-08-23,ieee-2022-profile-redesign
2022,jobs,1,SQL,100,https://spectrum.ieee.org/top-programming-languages-2022,2022-08-23,ieee-2022-profile-redesign
2022,jobs,2,Java,95.07035896,https://spectrum.ieee.org/top-programming-languages-2022,2022-08-23,ieee-2022-profile-redesign
2022,jobs,3,Python,88.21651034,https://spectrum.ieee.org/top-programming-languages-2022,2022-08-23,ieee-2022-profile-redesign
2022,jobs,4,JavaScript,71.17688785,https://spectrum.ieee.org/top-programming-languages-2022,2022-08-23,ieee-2022-profile-redesign
2022,jobs,5,C#,63.18526596,https://spectrum.ieee.org/top-programming-languages-2022,2022-08-23,ieee-2022-profile-redesign
2022,jobs,6,C,48.50726945,https://spectrum.ieee.org/top-programming-languages-2022,2022-08-23,ieee-2022-profile-redesign
2022,jobs,7,C++,47.76638668,https://spectrum.ieee.org/top-programming-languages-2022,2022-08-23,ieee-2022-profile-redesign
2022,jobs,8,HTML,37.028321,https://spectrum.ieee.org/top-programming-languages-2022,2022-08-23,ieee-2022-profile-redesign
2022,jobs,9,TypeScript,30.57311366,https://spectrum.ieee.org/top-programming-languages-2022,2022-08-23,ieee-2022-profile-redesign
2022,jobs,10,Scala,16.76460243,https://spectrum.ieee.org/top-programming-languages-2022,2022-08-23,ieee-2022-profile-redesign
2022,jobs,11,Shell,16.43894911,https://spectrum.ieee.org/top-programming-languages-2022,2022-08-23,ieee-2022-profile-redesign
2022,jobs,12,Ruby,14.06253654,https://spectrum.ieee.org/top-programming-languages-2022,2022-08-23,ieee-2022-profile-redesign
2022,jobs,13,Go,12.95509385,https://spectrum.ieee.org/top-programming-languages-2022,2022-08-23,ieee-2022-profile-redesign
2022,jobs,14,PHP,9.922473216,https://spectrum.ieee.org/top-programming-languages-2022,2022-08-23,ieee-2022-profile-redesign
2022,jobs,15,Perl,9.656154987,https://spectrum.ieee.org/top-programming-languages-2022,2022-08-23,ieee-2022-profile-redesign
2022,jobs,16,SAS,9.326905753,https://spectrum.ieee.org/top-programming-languages-2022,2022-08-23,ieee-2022-profile-redesign
2022,jobs,17,Kotlin,8.039583617,https://spectrum.ieee.org/top-programming-languages-2022,2022-08-23,ieee-2022-profile-redesign
2022,jobs,18,Objective-C,5.001241209,https://spectrum.ieee.org/top-programming-languages-2022,2022-08-23,ieee-2022-profile-redesign
2022,jobs,19,Matlab,3.776259633,https://spectrum.ieee.org/top-programming-languages-2022,2022-08-23,ieee-2022-profile-redesign
2022,jobs,20,Groovy,3.304687255,https://spectrum.ieee.org/top-programming-languages-2022,2022-08-23,ieee-2022-profile-redesign
2022,jobs,21,R,3.111243257,https://spectrum.ieee.org/top-programming-languages-2022,2022-08-23,ieee-2022-profile-redesign
2022,jobs,22,Rust,2.94751036,https://spectrum.ieee.org/top-programming-languages-2022,2022-08-23,ieee-2022-profile-redesign
2022,jobs,23,Swift,2.246183912,https://spectrum.ieee.org/top-programming-languages-2022,2022-08-23,ieee-2022-profile-redesign
2022,jobs,24,Visual Basic,1.867708577,https://spectrum.ieee.org/top-programming-languages-2022,2022-08-23,ieee-2022-profile-redesign
2022,jobs,25,Verilog,1.86156333,https://spectrum.ieee.org/top-programming-languages-2022,2022-08-23,ieee-2022-profile-redesign
2022,jobs,26,Dart,1.480141808,https://spectrum.ieee.org/top-programming-languages-2022,2022-08-23,ieee-2022-profile-redesign
2022,jobs,27,TCL,1.13072542,https://spectrum.ieee.org/top-programming-languages-2022,2022-08-23,ieee-2022-profile-redesign
2022,jobs,28,Cobol,1.030547854,https://spectrum.ieee.org/top-programming-languages-2022,2022-08-23,ieee-2022-profile-redesign
2022,jobs,29,VHDL,1.026922896,https://spectrum.ieee.org/top-programming-languages-2022,2022-08-23,ieee-2022-profile-redesign
2022,jobs,30,Assembly,1.016811491,https://spectrum.ieee.org/top-programming-languages-2022,2022-08-23,ieee-2022-profile-redesign
2022,jobs,31,ABAP,0.985883198,https://spectrum.ieee.org/top-programming-languages-2022,2022-08-23,ieee-2022-profile-redesign
2022,jobs,32,Elixir,0.872366127,https://spectrum.ieee.org/top-programming-languages-2022,2022-08-23,ieee-2022-profile-redesign
2022,jobs,33,Ada,0.791929818,https://spectrum.ieee.org/top-programming-languages-2022,2022-08-23,ieee-2022-profile-redesign
2022,jobs,34,Cuda,0.683000811,https://spectrum.ieee.org/top-programming-languages-2022,2022-08-23,ieee-2022-profile-redesign
2022,jobs,35,Clojure,0.544248179,https://spectrum.ieee.org/top-programming-languages-2022,2022-08-23,ieee-2022-profile-redesign
2022,jobs,36,LabView,0.482816279,https://spectrum.ieee.org/top-programming-languages-2022,2022-08-23,ieee-2022-profile-redesign
2022,jobs,37,Lua,0.427898656,https://spectrum.ieee.org/top-programming-languages-2022,2022-08-23,ieee-2022-profile-redesign
2022,jobs,38,Julia,0.314664709,https://spectrum.ieee.org/top-programming-languages-2022,2022-08-23,ieee-2022-profile-redesign
2022,jobs,39,Fortran,0.258500855,https://spectrum.ieee.org/top-programming-languages-2022,2022-08-23,ieee-2022-profile-redesign
2022,jobs,40,Erlang,0.251703455,https://spectrum.ieee.org/top-programming-languages-2022,2022-08-23,ieee-2022-profile-redesign
2022,jobs,41,Elm,0.243178271,https://spectrum.ieee.org/top-programming-languages-2022,2022-08-23,ieee-2022-profile-redesign
2022,jobs,42,Haskell,0.226949447,https://spectrum.ieee.org/top-programming-languages-2022,2022-08-23,ieee-2022-profile-redesign
2022,jobs,43,Ladder Logic,0.186108178,https://spectrum.ieee.org/top-programming-languages-2022,2022-08-23,ieee-2022-profile-redesign
2022,jobs,44,Pascal/Delphi,0.169397801,https://spectrum.ieee.org/top-programming-languages-2022,2022-08-23,ieee-2022-profile-redesign
2022,jobs,45,Forth,0.163988193,https://spectrum.ieee.org/top-programming-languages-2022,2022-08-23,ieee-2022-profile-redesign
2022,jobs,46,WebAssembly,0.132578347,https://spectrum.ieee.org/top-programming-languages-2022,2022-08-23,ieee-2022-profile-redesign
2022,jobs,47,Lisp,0.118501993,https://spectrum.ieee.org/top-programming-languages-2022,2022-08-23,ieee-2022-profile-redesign
2022,jobs,48,Arduino,0.085704354,https://spectrum.ieee.org/top-programming-languages-2022,2022-08-23,ieee-2022-profile-redesign
2022,jobs,49,Prolog,0.06698307,https://spectrum.ieee.org/top-programming-languages-2022,2022-08-23,ieee-2022-profile-redesign
2022,jobs,50,Ocaml,0.0488849,https://spectrum.ieee.org/top-programming-languages-2022,2022-08-23,ieee-2022-profile-redesign
2022,jobs,51,CoffeeScript,0.032174523,https://spectrum.ieee.org/top-programming-languages-2022,2022-08-23,ieee-2022-profile-redesign
2022,jobs,52,Scheme,0.008043631,https://spectrum.ieee.org/top-programming-languages-2022,2022-08-23,ieee-2022-profile-redesign
2022,jobs,53,D,0,https://spectrum.ieee.org/top-programming-languages-2022,2022-08-23,ieee-2022-profile-redesign
2022,jobs,53,J,0,https://spectrum.ieee.org/top-programming-languages-2022,2022-08-23,ieee-2022-profile-redesign
2022,jobs,53,F#,0,https://spectrum.ieee.org/top-programming-languages-2022,2022-08-23,ieee-2022-profile-redesign
2022,jobs,53,Eiffel,0,https://spectrum.ieee.org/top-programming-languages-2022,2022-08-23,ieee-2022-profile-redesign
2022,jobs,53,Raku,0,https://spectrum.ieee.org/top-programming-languages-2022,2022-08-23,ieee-2022-profile-redesign
2022,trending,1,Python,100,https://spectrum.ieee.org/top-programming-languages-2022,2022-08-23,ieee-2022-profile-redesign
2022,trending,2,Java,74.19311825,https://spectrum.ieee.org/top-programming-languages-2022,2022-08-23,ieee-2022-profile-redesign
2022,trending,3,C,66.68585284,https://spectrum.ieee.org/top-programming-languages-2022,2022-08-23,ieee-2022-profile-redesign
2022,trending,4,JavaScript,60.16669178,https://spectrum.ieee.org/top-programming-languages-2022,2022-08-23,ieee-2022-profile-redesign
2022,trending,5,C++,53.25965019,https://spectrum.ieee.org/top-programming-languages-2022,2022-08-23,ieee-2022-profile-redesign
2022,trending,6,C#,48.58826342,https://spectrum.ieee.org/top-programming-languages-2022,2022-08-23,ieee-2022-profile-redesign
2022,trending,7,SQL,45.5106045,https://spectrum.ieee.org/top-programming-languages-2022,2022-08-23,ieee-2022-profile-redesign
2022,trending,8,PHP,26.16299392,https://spectrum.ieee.org/top-programming-languages-2022,2022-08-23,ieee-2022-profile-redesign
2022,trending,9,HTML,25.08067509,https://spectrum.ieee.org/top-programming-languages-2022,2022-08-23,ieee-2022-profile-redesign
2022,trending,10,Go,20.88338075,https://spectrum.ieee.org/top-programming-languages-2022,2022-08-23,ieee-2022-profile-redesign
2022,trending,11,R,18.90371487,https://spectrum.ieee.org/top-programming-languages-2022,2022-08-23,ieee-2022-profile-redesign
2022,trending,12,Rust,17.07426689,https://spectrum.ieee.org/top-programming-languages-2022,2022-08-23,ieee-2022-profile-redesign
2022,trending,13,D,15.06958138,https://spectrum.ieee.org/top-programming-languages-2022,2022-08-23,ieee-2022-profile-redesign
2022,trending,14,SAS,14.91388541,https://spectrum.ieee.org/top-programming-languages-2022,2022-08-23,ieee-2022-profile-redesign
2022,trending,15,Dart,14.78713366,https://spectrum.ieee.org/top-programming-languages-2022,2022-08-23,ieee-2022-profile-redesign
2022,trending,16,TypeScript,13.02380573,https://spectrum.ieee.org/top-programming-languages-2022,2022-08-23,ieee-2022-profile-redesign
2022,trending,17,Arduino,12.84159286,https://spectrum.ieee.org/top-programming-languages-2022,2022-08-23,ieee-2022-profile-redesign
2022,trending,18,Shell,12.29765415,https://spectrum.ieee.org/top-programming-languages-2022,2022-08-23,ieee-2022-profile-redesign
2022,trending,19,Assembly,11.56392381,https://spectrum.ieee.org/top-programming-languages-2022,2022-08-23,ieee-2022-profile-redesign
2022,trending,20,Swift,10.54550457,https://spectrum.ieee.org/top-programming-languages-2022,2022-08-23,ieee-2022-profile-redesign
2022,trending,21,Ruby,9.490384454,https://spectrum.ieee.org/top-programming-languages-2022,2022-08-23,ieee-2022-profile-redesign
2022,trending,22,Matlab,8.87716313,https://spectrum.ieee.org/top-programming-languages-2022,2022-08-23,ieee-2022-profile-redesign
2022,trending,23,Kotlin,8.238737497,https://spectrum.ieee.org/top-programming-languages-2022,2022-08-23,ieee-2022-profile-redesign
2022,trending,24,Scala,7.717210016,https://spectrum.ieee.org/top-programming-languages-2022,2022-08-23,ieee-2022-profile-redesign
2022,trending,25,Lua,5.361333238,https://spectrum.ieee.org/top-programming-languages-2022,2022-08-23,ieee-2022-profile-redesign
2022,trending,26,Cuda,5.355587481,https://spectrum.ieee.org/top-programming-languages-2022,2022-08-23,ieee-2022-profile-redesign
2022,trending,27,Visual Basic,5.260721218,https://spectrum.ieee.org/top-programming-languages-2022,2022-08-23,ieee-2022-profile-redesign
2022,trending,28,Objective-C,5.049231863,https://spectrum.ieee.org/top-programming-languages-2022,2022-08-23,ieee-2022-profile-redesign
2022,trending,29,Haskell,4.553548057,https://spectrum.ieee.org/top-programming-languages-2022,2022-08-23,ieee-2022-profile-redesign
2022,trending,30,Perl,4.479691002,https://spectrum.ieee.org/top-programming-languages-2022,2022-08-23,ieee-2022-profile-redesign
2022,trending,31,F#,4.464114268,https://spectrum.ieee.org/top-programming-languages-2022,2022-08-23,ieee-2022-profile-redesign
2022,trending,32,Ada,3.948829285,https://spectrum.ieee.org/top-programming-languages-2022,2022-08-23,ieee-2022-profile-redesign
2022,trending,33,Julia,3.750930381,https://spectrum.ieee.org/top-programming-languages-2022,2022-08-23,ieee-2022-profile-redesign
2022,trending,34,Lisp,3.544796288,https://spectrum.ieee.org/top-programming-languages-2022,2022-08-23,ieee-2022-profile-redesign
2022,trending,35,ABAP,2.701458356,https://spectrum.ieee.org/top-programming-languages-2022,2022-08-23,ieee-2022-profile-redesign
2022,trending,36,Cobol,2.168301333,https://spectrum.ieee.org/top-programming-languages-2022,2022-08-23,ieee-2022-profile-redesign
2022,trending,37,Elixir,2.14818147,https://spectrum.ieee.org/top-programming-languages-2022,2022-08-23,ieee-2022-profile-redesign
2022,trending,38,Scheme,1.811398815,https://spectrum.ieee.org/top-programming-languages-2022,2022-08-23,ieee-2022-profile-redesign
2022,trending,39,LabView,1.741322408,https://spectrum.ieee.org/top-programming-languages-2022,2022-08-23,ieee-2022-profile-redesign
2022,trending,40,Pascal/Delphi,1.526555747,https://spectrum.ieee.org/top-programming-languages-2022,2022-08-23,ieee-2022-profile-redesign
2022,trending,41,Verilog,1.500585762,https://spectrum.ieee.org/top-programming-languages-2022,2022-08-23,ieee-2022-profile-redesign
2022,trending,42,Prolog,1.494984846,https://spectrum.ieee.org/top-programming-languages-2022,2022-08-23,ieee-2022-profile-redesign
2022,trending,43,Fortran,1.250988746,https://spectrum.ieee.org/top-programming-languages-2022,2022-08-23,ieee-2022-profile-redesign
2022,trending,44,Groovy,1.210047432,https://spectrum.ieee.org/top-programming-languages-2022,2022-08-23,ieee-2022-profile-redesign
2022,trending,45,VHDL,1.140716641,https://spectrum.ieee.org/top-programming-languages-2022,2022-08-23,ieee-2022-profile-redesign
2022,trending,46,J,1.124644724,https://spectrum.ieee.org/top-programming-languages-2022,2022-08-23,ieee-2022-profile-redesign
2022,trending,47,Clojure,1.103757761,https://spectrum.ieee.org/top-programming-languages-2022,2022-08-23,ieee-2022-profile-redesign
2022,trending,48,Ladder Logic,0.976033131,https://spectrum.ieee.org/top-programming-languages-2022,2022-08-23,ieee-2022-profile-redesign
2022,trending,49,Ocaml,0.945019211,https://spectrum.ieee.org/top-programming-languages-2022,2022-08-23,ieee-2022-profile-redesign
2022,trending,50,Raku,0.929997455,https://spectrum.ieee.org/top-programming-languages-2022,2022-08-23,ieee-2022-profile-redesign
2022,trending,51,Erlang,0.812939278,https://spectrum.ieee.org/top-programming-languages-2022,2022-08-23,ieee-2022-profile-redesign
2022,trending,52,Forth,0.572606616,https://spectrum.ieee.org/top-programming-languages-2022,2022-08-23,ieee-2022-profile-redesign
2022,trending,53,TCL,0.566022613,https://spectrum.ieee.org/top-programming-languages-2022,2022-08-23,ieee-2022-profile-redesign
2022,trending,54,Elm,0.427434258,https://spectrum.ieee.org/top-programming-languages-2022,2022-08-23,ieee-2022-profile-redesign
2022,trending,55,WebAssembly,0.054943926,https://spectrum.ieee.org/top-programming-languages-2022,2022-08-23,ieee-2022-profile-redesign
2022,trending,56,Eiffel,0.045640158,https://spectrum.ieee.org/top-programming-languages-2022,2022-08-23,ieee-2022-profile-redesign
2022,trending,57,CoffeeScript,0,https://spectrum.ieee.org/top-programming-languages-2022,2022-08-23,ieee-2022-profile-redesign
