year,metric,language,percent,sample_size,population,source_url,published_at
2017,jetbrains-planned-adoption,Python,12,5000,developers worldwide (weighting not stated on edition page),https://www.jetbrains.com/lp/devecosystem-2017/,
2017,jetbrains-planned-adoption,Go,11,5000,developers worldwide (weighting not stated on edition page),https://www.jetbrains.com/lp/devecosystem-2017/,
2017,jetbrains-planned-adoption,Swift,11,5000,developers worldwide (weighting not stated on edition page),https://www.jetbrains.com/lp/devecosystem-2017/,
2017,jetbrains-planned-adoption,Other,9,5000,developers worldwide (weighting not stated on edition page),https://www.jetbrains.com/lp/devecosystem-2017/,
2017,jetbrains-planned-adoption,TypeScript,9,5000,developers worldwide (weighting not stated on edition page),https://www.jetbrains.com/lp/devecosystem-2017/,
2017,jetbrains-planned-adoption,Java,6,5000,developers worldwide (weighting not stated on edition page),https://www.jetbrains.com/lp/devecosystem-2017/,
2017,jetbrains-planned-adoption,Ruby,6,5000,developers worldwide (weighting not stated on edition page),https://www.jetbrains.com/lp/devecosystem-2017/,
2017,jetbrains-planned-adoption,Scala,6,5000,developers worldwide (weighting not stated on edition page),https://www.jetbrains.com/lp/devecosystem-2017/,
2017,jetbrains-planned-adoption,C++,5,5000,developers worldwide (weighting not stated on edition page),https://www.jetbrains.com/lp/devecosystem-2017/,
2017,jetbrains-planned-adoption,JavaScript,5,5000,developers worldwide (weighting not stated on edition page),https://www.jetbrains.com/lp/devecosystem-2017/,
2017,jetbrains-planned-adoption,PHP,5,5000,developers worldwide (weighting not stated on edition page),https://www.jetbrains.com/lp/devecosystem-2017/,
2017,jetbrains-planned-adoption,R,5,5000,developers worldwide (weighting not stated on edition page),https://www.jetbrains.com/lp/devecosystem-2017/,
2017,jetbrains-planned-adoption,C#,4,5000,developers worldwide (weighting not stated on edition page),https://www.jetbrains.com/lp/devecosystem-2017/,
2017,jetbrains-planned-adoption,SQL,4,5000,developers worldwide (weighting not stated on edition page),https://www.jetbrains.com/lp/devecosystem-2017/,
2017,jetbrains-planned-adoption,C,3,5000,developers worldwide (weighting not stated on edition page),https://www.jetbrains.com/lp/devecosystem-2017/,
2017,jetbrains-planned-adoption,Elixir,3,5000,developers worldwide (weighting not stated on edition page),https://www.jetbrains.com/lp/devecosystem-2017/,
2017,jetbrains-planned-adoption,HTML / CSS,3,5000,developers worldwide (weighting not stated on edition page),https://www.jetbrains.com/lp/devecosystem-2017/,
2017,jetbrains-planned-adoption,Haskell,3,5000,developers worldwide (weighting not stated on edition page),https://www.jetbrains.com/lp/devecosystem-2017/,
2017,jetbrains-planned-adoption,Kotlin,3,5000,developers worldwide (weighting not stated on edition page),https://www.jetbrains.com/lp/devecosystem-2017/,
2017,jetbrains-planned-adoption,Clojure / CLJS,2,5000,developers worldwide (weighting not stated on edition page),https://www.jetbrains.com/lp/devecosystem-2017/,
2017,jetbrains-planned-adoption,CoffeeScript,2,5000,developers worldwide (weighting not stated on edition page),https://www.jetbrains.com/lp/devecosystem-2017/,
2017,jetbrains-planned-adoption,Objective-C,2,5000,developers worldwide (weighting not stated on edition page),https://www.jetbrains.com/lp/devecosystem-2017/,
2017,jetbrains-planned-adoption,Groovy,1,5000,developers worldwide (weighting not stated on edition page),https://www.jetbrains.com/lp/devecosystem-2017/,
2017,jetbrains-planned-adoption,Visual Basic,1,5000,developers worldwide (weighting not stated on edition page),https://www.jetbrains.com/lp/devecosystem-2017/,
2017,jetbrains-primary-language,Java,26,5000,developers worldwide (weighting not stated on edition page),https://www.jetbrains.com/lp/devecosystem-2017/,
2017,jetbrains-primary-language,JavaScript,16,5000,developers worldwide (weighting not stated on edition page),https://www.jetbrains.com/lp/devecosystem-2017/,
2017,jetbrains-primary-language,PHP,12,5000,developers worldwide (weighting not stated on edition page),https://www.jetbrains.com/lp/devecosystem-2017/,
2017,jetbrains-primary-language,Python,10,5000,developers worldwide (weighting not stated on edition page),https://www.jetbrains.com/lp/devecosystem-2017/,
2017,jetbrains-primary-language,C#,9,5000,developers worldwide (weighting not stated on edition page),https://www.jetbrains.com/lp/devecosystem-2017/,
2017,jetbrains-primary-language,C++,5,5000,developers worldwide (weighting not stated on edition page),https://www.jetbrains.com/lp/devecosystem-2017/,
2017,jetbrains-primary-language,Others,5,5000,developers worldwide (weighting not stated on edition page),https://www.jetbrains.com/lp/devecosystem-2017/,
2017,jetbrains-primary-language,C,4,5000,developers worldwide (weighting not stated on edition page),https://www.jetbrains.com/lp/devecosystem-2017/,
2017,jetbrains-primary-language,HTML / CSS,4,5000,developers worldwide (weighting not stated on edition page),https://www.jetbrains.com/lp/devecosystem-2017/,
2017,jetbrains-primary-language,Ruby,3,5000,developers worldwide (weighting not stated on edition page),https://www.jetbrains.com/lp/devecosystem-2017/,
2017,jetbrains-primary-language,Scala,2,5000,developers worldwide (weighting not stated on edition page),https://www.jetbrains.com/lp/devecosystem-2017/,
2017,jetbrains-primary-language,Swift,2,5000,developers worldwide (weighting not stated on edition page),https://www.jetbrains.com/lp/devecosystem-2017/,
2017,jetbrains-primary-language,Go,1,5000,developers worldwide (weighting not stated on edition page),https://www.jetbrains.com/lp/devecosystem-2017/,
2017,jetbrains-primary-language,Objective-C,1,5000,developers worldwide (weighting not stated on edition page),https://www.jetbrains.com/lp/devecosystem-2017/,
2017,jetbrains-used-last-12-months,JavaScript,65,5000,developers worldwide (weighting not stated on edition page),https://www.jetbrains.com/lp/devecosystem-2017/,
2017,jetbrains-used-last-12-months,HTML / CSS,60,5000,developers worldwide (weighting not stated on edition page),https://www.jetbrains.com/lp/devecosystem-2017/,
2017,jetbrains-used-last-12-months,Java,47,5000,developers worldwide (weighting not stated on edition page),https://www.jetbrains.com/lp/devecosystem-2017/,
2017,jetbrains-used-last-12-months,SQL,42,5000,developers worldwide (weighting not stated on edition page),https://www.jetbrains.com/lp/devecosystem-2017/,
2017,jetbrains-used-last-12-months,Python,32,5000,developers worldwide (weighting not stated on edition page),https://www.jetbrains.com/lp/devecosystem-2017/,
2017,jetbrains-used-last-12-months,PHP,30,5000,developers worldwide (weighting not stated on edition page),https://www.jetbrains.com/lp/devecosystem-2017/,
2017,jetbrains-used-last-12-months,C#,20,5000,developers worldwide (weighting not stated on edition page),https://www.jetbrains.com/lp/devecosystem-2017/,
2017,jetbrains-used-last-12-months,C++,17,5000,developers worldwide (weighting not stated on edition page),https://www.jetbrains.com/lp/devecosystem-2017/,
2017,jetbrains-used-last-12-months,C,15,5000,developers worldwide (weighting not stated on edition page),https://www.jetbrains.com/lp/devecosystem-2017/,
2017,jetbrains-used-last-12-months,TypeScript,12,5000,developers worldwide (weighting not stated on edition page),https://www.jetbrains.com/lp/devecosystem-2017/,
2017,jetbrains-used-last-12-months,Ruby,10,5000,developers worldwide (weighting not stated on edition page),https://www.jetbrains.com/lp/devecosystem-2017/,
2017,jetbrains-used-last-12-months,Swift,9,5000,developers worldwide (weighting not stated on edition page),https://www.jetbrains.com/lp/devecosystem-2017/,
2017,jetbrains-used-last-12-months,Go,8,5000,developers worldwide (weighting not stated on edition page),https://www.jetbrains.com/lp/devecosystem-2017/,
2017,jetbrains-used-last-12-months,Other,8,5000,developers worldwide (weighting not stated on edition page),https://www.jetbrains.com/lp/devecosystem-2017/,
2017,jetbrains-used-last-12-months,Objective-C,7,5000,developers worldwide (weighting not stated on edition page),https://www.jetbrains.com/lp/devecosystem-2017/,
2017,jetbrains-used-last-12-months,Scala,7,5000,developers worldwide (weighting not stated on edition page),https://www.jetbrains.com/lp/devecosystem-2017/,
2017,jetbrains-used-last-12-months,Visual Basic,5,5000,developers worldwide (weighting not stated on edition page),https://www.jetbrains.com/lp/devecosystem-2017/,
2017,jetbrains-used-last-12-months,CoffeeScript,3,5000,developers worldwide (weighting not stated on edition page),https://www.jetbrains.com/lp/devecosystem-2017/,
2017,jetbrains-used-last-12-months,Groovy,3,5000,developers worldwide (weighting not stated on edition page),https://www.jetbrains.com/lp/devecosystem-2017/,
2017,jetbrains-used-last-12-months,R,3,5000,developers worldwide (weighting not stated on edition page),https://www.jetbrains.com/lp/devecosystem-2017/,
2017,jetbrains-used-last-12-months,Clojure / CLJS,2,5000,developers worldwide (weighting not stated on edition page),https://www.jetbrains.com/lp/devecosystem-2017/,
2017,jetbrains-used-last-12-months,Kotlin,2,5000,developers worldwide (weighting not stated on edition page),https://www.jetbrains.com/lp/devecosystem-2017/,
2017,jetbrains-used-last-12-months,Elixir,1,5000,developers worldwide (weighting not stated on edition page),https://www.jetbrains.com/lp/devecosystem-2017/,
2017,jetbrains-used-last-12-months,Haskell,1,5000,developers worldwide (weighting not stated on edition page),https://www.jetbrains.com/lp/devecosystem-2017/,
2018,jetbrains-planned-adoption,Go,16,6000,developers worldwide (weighting not stated on edition page),https://www.jetbrains.com/lp/devecosystem-2018/,
2018,jetbrains-planned-adoption,Kotlin,13,6000,developers worldwide (weighting not stated on edition page),https://www.jetbrains.com/lp/devecosystem-2018/,
2018,jetbrains-planned-adoption,Python,13,6000,developers worldwide (weighting not stated on edition page),https://www.jetbrains.com/lp/devecosystem-2018/,
2018,jetbrains-planned-adoption,Other,8,6000,developers worldwide (weighting not stated on edition page),https://www.jetbrains.com/lp/devecosystem-2018/,
2018,jetbrains-planned-adoption,TypeScript,8,6000,developers worldwide (weighting not stated on edition page),https://www.jetbrains.com/lp/devecosystem-2018/,
2018,jetbrains-planned-adoption,Swift,7,6000,developers worldwide (weighting not stated on edition page),https://www.jetbrains.com/lp/devecosystem-2018/,
2018,jetbrains-planned-adoption,C++,6,6000,developers worldwide (weighting not stated on edition page),https://www.jetbrains.com/lp/devecosystem-2018/,
2018,jetbrains-planned-adoption,Rust,6,6000,developers worldwide (weighting not stated on edition page),https://www.jetbrains.com/lp/devecosystem-2018/,
2018,jetbrains-planned-adoption,JavaScript,5,6000,developers worldwide (weighting not stated on edition page),https://www.jetbrains.com/lp/devecosystem-2018/,
2018,jetbrains-planned-adoption,Ruby,5,6000,developers worldwide (weighting not stated on edition page),https://www.jetbrains.com/lp/devecosystem-2018/,
2018,jetbrains-planned-adoption,C,4,6000,developers worldwide (weighting not stated on edition page),https://www.jetbrains.com/lp/devecosystem-2018/,
2018,jetbrains-planned-adoption,C#,4,6000,developers worldwide (weighting not stated on edition page),https://www.jetbrains.com/lp/devecosystem-2018/,
2018,jetbrains-planned-adoption,Java,4,6000,developers worldwide (weighting not stated on edition page),https://www.jetbrains.com/lp/devecosystem-2018/,
2018,jetbrains-planned-adoption,R,4,6000,developers worldwide (weighting not stated on edition page),https://www.jetbrains.com/lp/devecosystem-2018/,
2018,jetbrains-planned-adoption,Scala,4,6000,developers worldwide (weighting not stated on edition page),https://www.jetbrains.com/lp/devecosystem-2018/,
2018,jetbrains-planned-adoption,Elixir,3,6000,developers worldwide (weighting not stated on edition page),https://www.jetbrains.com/lp/devecosystem-2018/,
2018,jetbrains-planned-adoption,PHP,3,6000,developers worldwide (weighting not stated on edition page),https://www.jetbrains.com/lp/devecosystem-2018/,
2018,jetbrains-planned-adoption,SQL and programming extensions over SQL,3,6000,developers worldwide (weighting not stated on edition page),https://www.jetbrains.com/lp/devecosystem-2018/,
2018,jetbrains-planned-adoption,Shell scripting languages (bash/shell/powershell),3,6000,developers worldwide (weighting not stated on edition page),https://www.jetbrains.com/lp/devecosystem-2018/,
2018,jetbrains-planned-adoption,Assembly,2,6000,developers worldwide (weighting not stated on edition page),https://www.jetbrains.com/lp/devecosystem-2018/,
2018,jetbrains-planned-adoption,Clojure / ClojureScript,2,6000,developers worldwide (weighting not stated on edition page),https://www.jetbrains.com/lp/devecosystem-2018/,
2018,jetbrains-planned-adoption,HTML / CSS,2,6000,developers worldwide (weighting not stated on edition page),https://www.jetbrains.com/lp/devecosystem-2018/,
2018,jetbrains-planned-adoption,Haskell,2,6000,developers worldwide (weighting not stated on edition page),https://www.jetbrains.com/lp/devecosystem-2018/,
2018,jetbrains-planned-adoption,Objective-C,2,6000,developers worldwide (weighting not stated on edition page),https://www.jetbrains.com/lp/devecosystem-2018/,
2018,jetbrains-planned-adoption,F#,1,6000,developers worldwide (weighting not stated on edition page),https://www.jetbrains.com/lp/devecosystem-2018/,
2018,jetbrains-planned-adoption,Groovy,1,6000,developers worldwide (weighting not stated on edition page),https://www.jetbrains.com/lp/devecosystem-2018/,
2018,jetbrains-planned-adoption,Lua,1,6000,developers worldwide (weighting not stated on edition page),https://www.jetbrains.com/lp/devecosystem-2018/,
2018,jetbrains-used-last-12-months,JavaScript,64,6000,developers worldwide (weighting not stated on edition page),https://www.jetbrains.com/lp/devecosystem-2018/,
2018,jetbrains-used-last-12-months,HTML / CSS,55,6000,developers worldwide (weighting not stated on edition page),https://www.jetbrains.com/lp/devecosystem-2018/,
2018,jetbrains-used-last-12-months,Java,51,6000,developers worldwide (weighting not stated on edition page),https://www.jetbrains.com/lp/devecosystem-2018/,
2018,jetbrains-used-last-12-months,SQL and its extensions,47,6000,developers worldwide (weighting not stated on edition page),https://www.jetbrains.com/lp/devecosystem-2018/,
2018,jetbrains-used-last-12-months,Python,41,6000,developers worldwide (weighting not stated on edition page),https://www.jetbrains.com/lp/devecosystem-2018/,
2018,jetbrains-used-last-12-months,Shell scripting languages,29,6000,developers worldwide (weighting not stated on edition page),https://www.jetbrains.com/lp/devecosystem-2018/,
2018,jetbrains-used-last-12-months,PHP,26,6000,developers worldwide (weighting not stated on edition page),https://www.jetbrains.com/lp/devecosystem-2018/,
2018,jetbrains-used-last-12-months,C#,22,6000,developers worldwide (weighting not stated on edition page),https://www.jetbrains.com/lp/devecosystem-2018/,
2018,jetbrains-used-last-12-months,C++,18,6000,developers worldwide (weighting not stated on edition page),https://www.jetbrains.com/lp/devecosystem-2018/,
2018,jetbrains-used-last-12-months,TypeScript,17,6000,developers worldwide (weighting not stated on edition page),https://www.jetbrains.com/lp/devecosystem-2018/,
2018,jetbrains-used-last-12-months,C,16,6000,developers worldwide (weighting not stated on edition page),https://www.jetbrains.com/lp/devecosystem-2018/,
2018,jetbrains-used-last-12-months,Other,14,6000,developers worldwide (weighting not stated on edition page),https://www.jetbrains.com/lp/devecosystem-2018/,
2018,jetbrains-used-last-12-months,Go,12,6000,developers worldwide (weighting not stated on edition page),https://www.jetbrains.com/lp/devecosystem-2018/,
2018,jetbrains-used-last-12-months,Kotlin,9,6000,developers worldwide (weighting not stated on edition page),https://www.jetbrains.com/lp/devecosystem-2018/,
2018,jetbrains-used-last-12-months,Ruby,8,6000,developers worldwide (weighting not stated on edition page),https://www.jetbrains.com/lp/devecosystem-2018/,
2018,jetbrains-used-last-12-months,Swift,8,6000,developers worldwide (weighting not stated on edition page),https://www.jetbrains.com/lp/devecosystem-2018/,
2018,jetbrains-used-last-12-months,Objective-C,5,6000,developers worldwide (weighting not stated on edition page),https://www.jetbrains.com/lp/devecosystem-2018/,
2018,jetbrains-used-last-12-months,Scala,5,6000,developers worldwide (weighting not stated on edition page),https://www.jetbrains.com/lp/devecosystem-2018/,
2018,jetbrains-used-last-12-months,Groovy,4,6000,developers worldwide (weighting not stated on edition page),https://www.jetbrains.com/lp/devecosystem-2018/,
2018,jetbrains-used-last-12-months,Lua,3,6000,developers worldwide (weighting not stated on edition page),https://www.jetbrains.com/lp/devecosystem-2018/,
2018,jetbrains-used-last-12-months,R,3,6000,developers worldwide (weighting not stated on edition page),https://www.jetbrains.com/lp/devecosystem-2018/,
2018,jetbrains-used-last-12-months,Assembly,2,6000,developers worldwide (weighting not stated on edition page),https://www.jetbrains.com/lp/devecosystem-2018/,
2018,jetbrains-used-last-12-months,Elixir,2,6000,developers worldwide (weighting not stated on edition page),https://www.jetbrains.com/lp/devecosystem-2018/,
2018,jetbrains-used-last-12-months,Rust,2,6000,developers worldwide (weighting not stated on edition page),https://www.jetbrains.com/lp/devecosystem-2018/,
2018,jetbrains-used-last-12-months,Clojure / ClojureScript,1,6000,developers worldwide (weighting not stated on edition page),https://www.jetbrains.com/lp/devecosystem-2018/,
2018,jetbrains-used-last-12-months,F#,1,6000,developers worldwide (weighting not stated on edition page),https://www.jetbrains.com/lp/devecosystem-2018/,
2018,jetbrains-used-last-12-months,Haskell,1,6000,developers worldwide (weighting not stated on edition page),https://www.jetbrains.com/lp/devecosystem-2018/,
2019,jetbrains-planned-adoption,Go,13,6993,developers worldwide (weighted),https://www.jetbrains.com/lp/devecosystem-2019/,
2019,jetbrains-planned-adoption,Kotlin,10,6993,developers worldwide (weighted),https://www.jetbrains.com/lp/devecosystem-2019/,
2019,jetbrains-planned-adoption,Python,9,6993,developers worldwide (weighted),https://www.jetbrains.com/lp/devecosystem-2019/,
2019,jetbrains-planned-adoption,Rust,7,6993,developers worldwide (weighted),https://www.jetbrains.com/lp/devecosystem-2019/,
2019,jetbrains-planned-adoption,TypeScript,7,6993,developers worldwide (weighted),https://www.jetbrains.com/lp/devecosystem-2019/,
2019,jetbrains-planned-adoption,JavaScript,5,6993,developers worldwide (weighted),https://www.jetbrains.com/lp/devecosystem-2019/,
2019,jetbrains-planned-adoption,Scala,5,6993,developers worldwide (weighted),https://www.jetbrains.com/lp/devecosystem-2019/,
2019,jetbrains-planned-adoption,Swift,5,6993,developers worldwide (weighted),https://www.jetbrains.com/lp/devecosystem-2019/,
2019,jetbrains-planned-adoption,C#,4,6993,developers worldwide (weighted),https://www.jetbrains.com/lp/devecosystem-2019/,
2019,jetbrains-planned-adoption,C++,4,6993,developers worldwide (weighted),https://www.jetbrains.com/lp/devecosystem-2019/,
2019,jetbrains-planned-adoption,Dart,4,6993,developers worldwide (weighted),https://www.jetbrains.com/lp/devecosystem-2019/,
2019,jetbrains-planned-adoption,Java,4,6993,developers worldwide (weighted),https://www.jetbrains.com/lp/devecosystem-2019/,
2019,jetbrains-planned-adoption,Other,3,6993,developers worldwide (weighted),https://www.jetbrains.com/lp/devecosystem-2019/,
2019,jetbrains-planned-adoption,R,3,6993,developers worldwide (weighted),https://www.jetbrains.com/lp/devecosystem-2019/,
2019,jetbrains-planned-adoption,Ruby,3,6993,developers worldwide (weighted),https://www.jetbrains.com/lp/devecosystem-2019/,
2019,jetbrains-planned-adoption,C,2,6993,developers worldwide (weighted),https://www.jetbrains.com/lp/devecosystem-2019/,
2019,jetbrains-planned-adoption,Elixir,2,6993,developers worldwide (weighted),https://www.jetbrains.com/lp/devecosystem-2019/,
2019,jetbrains-planned-adoption,HTML / CSS,2,6993,developers worldwide (weighted),https://www.jetbrains.com/lp/devecosystem-2019/,
2019,jetbrains-planned-adoption,Haskell,2,6993,developers worldwide (weighted),https://www.jetbrains.com/lp/devecosystem-2019/,
2019,jetbrains-planned-adoption,PHP,2,6993,developers worldwide (weighted),https://www.jetbrains.com/lp/devecosystem-2019/,
2019,jetbrains-planned-adoption,SQL,2,6993,developers worldwide (weighted),https://www.jetbrains.com/lp/devecosystem-2019/,
2019,jetbrains-planned-adoption,Shell scripting languages,2,6993,developers worldwide (weighted),https://www.jetbrains.com/lp/devecosystem-2019/,
2019,jetbrains-planned-adoption,Assembly,1,6993,developers worldwide (weighted),https://www.jetbrains.com/lp/devecosystem-2019/,
2019,jetbrains-planned-adoption,Clojure / ClojureScript,1,6993,developers worldwide (weighted),https://www.jetbrains.com/lp/devecosystem-2019/,
2019,jetbrains-planned-adoption,CoffeeScript,1,6993,developers worldwide (weighted),https://www.jetbrains.com/lp/devecosystem-2019/,
2019,jetbrains-planned-adoption,F#,1,6993,developers worldwide (weighted),https://www.jetbrains.com/lp/devecosystem-2019/,
2019,jetbrains-planned-adoption,Groovy,1,6993,developers worldwide (weighted),https://www.jetbrains.com/lp/devecosystem-2019/,
2019,jetbrains-planned-adoption,Julia,1,6993,developers worldwide (weighted),https://www.jetbrains.com/lp/devecosystem-2019/,
2019,jetbrains-planned-adoption,Lua,1,6993,developers worldwide (weighted),https://www.jetbrains.com/lp/devecosystem-2019/,
2019,jetbrains-planned-adoption,Matlab,1,6993,developers worldwide (weighted),https://www.jetbrains.com/lp/devecosystem-2019/,
2019,jetbrains-planned-adoption,Objective-C,1,6993,developers worldwide (weighted),https://www.jetbrains.com/lp/devecosystem-2019/,
2019,jetbrains-planned-adoption,Perl,1,6993,developers worldwide (weighted),https://www.jetbrains.com/lp/devecosystem-2019/,
2019,jetbrains-planned-adoption,Crystal,0,6993,developers worldwide (weighted),https://www.jetbrains.com/lp/devecosystem-2019/,
2019,jetbrains-planned-adoption,Delphi,0,6993,developers worldwide (weighted),https://www.jetbrains.com/lp/devecosystem-2019/,
2019,jetbrains-planned-adoption,Visual Basic,0,6993,developers worldwide (weighted),https://www.jetbrains.com/lp/devecosystem-2019/,
2019,jetbrains-primary-language,JavaScript,40,6993,developers worldwide (weighted),https://www.jetbrains.com/lp/devecosystem-2019/,
2019,jetbrains-primary-language,Java,34,6993,developers worldwide (weighted),https://www.jetbrains.com/lp/devecosystem-2019/,
2019,jetbrains-primary-language,Python,27,6993,developers worldwide (weighted),https://www.jetbrains.com/lp/devecosystem-2019/,
2019,jetbrains-primary-language,HTML / CSS,23,6993,developers worldwide (weighted),https://www.jetbrains.com/lp/devecosystem-2019/,
2019,jetbrains-primary-language,SQL,19,6993,developers worldwide (weighted),https://www.jetbrains.com/lp/devecosystem-2019/,
2019,jetbrains-primary-language,PHP,18,6993,developers worldwide (weighted),https://www.jetbrains.com/lp/devecosystem-2019/,
2019,jetbrains-primary-language,C#,15,6993,developers worldwide (weighted),https://www.jetbrains.com/lp/devecosystem-2019/,
2019,jetbrains-primary-language,Other,11,6993,developers worldwide (weighted),https://www.jetbrains.com/lp/devecosystem-2019/,
2019,jetbrains-primary-language,C++,9,6993,developers worldwide (weighted),https://www.jetbrains.com/lp/devecosystem-2019/,
2019,jetbrains-primary-language,TypeScript,9,6993,developers worldwide (weighted),https://www.jetbrains.com/lp/devecosystem-2019/,
2019,jetbrains-primary-language,Go,7,6993,developers worldwide (weighted),https://www.jetbrains.com/lp/devecosystem-2019/,
2019,jetbrains-primary-language,Shell scripting languages,7,6993,developers worldwide (weighted),https://www.jetbrains.com/lp/devecosystem-2019/,
2019,jetbrains-primary-language,Kotlin,6,6993,developers worldwide (weighted),https://www.jetbrains.com/lp/devecosystem-2019/,
2019,jetbrains-primary-language,C,5,6993,developers worldwide (weighted),https://www.jetbrains.com/lp/devecosystem-2019/,
2019,jetbrains-primary-language,Ruby,5,6993,developers worldwide (weighted),https://www.jetbrains.com/lp/devecosystem-2019/,
2019,jetbrains-primary-language,Swift,4,6993,developers worldwide (weighted),https://www.jetbrains.com/lp/devecosystem-2019/,
2019,jetbrains-primary-language,Scala,3,6993,developers worldwide (weighted),https://www.jetbrains.com/lp/devecosystem-2019/,
2019,jetbrains-primary-language,Objective-C,2,6993,developers worldwide (weighted),https://www.jetbrains.com/lp/devecosystem-2019/,
2019,jetbrains-used-last-12-months,JavaScript,69,6993,developers worldwide (weighted),https://www.jetbrains.com/lp/devecosystem-2019/,
2019,jetbrains-used-last-12-months,HTML / CSS,61,6993,developers worldwide (weighted),https://www.jetbrains.com/lp/devecosystem-2019/,
2019,jetbrains-used-last-12-months,SQL,56,6993,developers worldwide (weighted),https://www.jetbrains.com/lp/devecosystem-2019/,
2019,jetbrains-used-last-12-months,Java,50,6993,developers worldwide (weighted),https://www.jetbrains.com/lp/devecosystem-2019/,
2019,jetbrains-used-last-12-months,Python,49,6993,developers worldwide (weighted),https://www.jetbrains.com/lp/devecosystem-2019/,
2019,jetbrains-used-last-12-months,Shell scripting languages,40,6993,developers worldwide (weighted),https://www.jetbrains.com/lp/devecosystem-2019/,
2019,jetbrains-used-last-12-months,PHP,29,6993,developers worldwide (weighted),https://www.jetbrains.com/lp/devecosystem-2019/,
2019,jetbrains-used-last-12-months,TypeScript,25,6993,developers worldwide (weighted),https://www.jetbrains.com/lp/devecosystem-2019/,
2019,jetbrains-used-last-12-months,C#,24,6993,developers worldwide (weighted),https://www.jetbrains.com/lp/devecosystem-2019/,
2019,jetbrains-used-last-12-months,C++,20,6993,developers worldwide (weighted),https://www.jetbrains.com/lp/devecosystem-2019/,
2019,jetbrains-used-last-12-months,Go,18,6993,developers worldwide (weighted),https://www.jetbrains.com/lp/devecosystem-2019/,
2019,jetbrains-used-last-12-months,C,17,6993,developers worldwide (weighted),https://www.jetbrains.com/lp/devecosystem-2019/,
2019,jetbrains-used-last-12-months,Kotlin,16,6993,developers worldwide (weighted),https://www.jetbrains.com/lp/devecosystem-2019/,
2019,jetbrains-used-last-12-months,Ruby,11,6993,developers worldwide (weighted),https://www.jetbrains.com/lp/devecosystem-2019/,
2019,jetbrains-used-last-12-months,Swift,11,6993,developers worldwide (weighted),https://www.jetbrains.com/lp/devecosystem-2019/,
2019,jetbrains-used-last-12-months,Dart,6,6993,developers worldwide (weighted),https://www.jetbrains.com/lp/devecosystem-2019/,
2019,jetbrains-used-last-12-months,Groovy,6,6993,developers worldwide (weighted),https://www.jetbrains.com/lp/devecosystem-2019/,
2019,jetbrains-used-last-12-months,Objective-C,6,6993,developers worldwide (weighted),https://www.jetbrains.com/lp/devecosystem-2019/,
2019,jetbrains-used-last-12-months,R,6,6993,developers worldwide (weighted),https://www.jetbrains.com/lp/devecosystem-2019/,
2019,jetbrains-used-last-12-months,Scala,6,6993,developers worldwide (weighted),https://www.jetbrains.com/lp/devecosystem-2019/,
2019,jetbrains-used-last-12-months,Rust,5,6993,developers worldwide (weighted),https://www.jetbrains.com/lp/devecosystem-2019/,
2019,jetbrains-used-last-12-months,Visual Basic,5,6993,developers worldwide (weighted),https://www.jetbrains.com/lp/devecosystem-2019/,
2019,jetbrains-used-last-12-months,Lua,4,6993,developers worldwide (weighted),https://www.jetbrains.com/lp/devecosystem-2019/,
2019,jetbrains-used-last-12-months,Other,4,6993,developers worldwide (weighted),https://www.jetbrains.com/lp/devecosystem-2019/,
2019,jetbrains-used-last-12-months,Assembly,3,6993,developers worldwide (weighted),https://www.jetbrains.com/lp/devecosystem-2019/,
2019,jetbrains-used-last-12-months,Elixir,3,6993,developers worldwide (weighted),https://www.jetbrains.com/lp/devecosystem-2019/,
2019,jetbrains-used-last-12-months,Haskell,3,6993,developers worldwide (weighted),https://www.jetbrains.com/lp/devecosystem-2019/,
2019,jetbrains-used-last-12-months,Matlab,3,6993,developers worldwide (weighted),https://www.jetbrains.com/lp/devecosystem-2019/,
2019,jetbrains-used-last-12-months,Perl,3,6993,developers worldwide (weighted),https://www.jetbrains.com/lp/devecosystem-2019/,
2019,jetbrains-used-last-12-months,Clojure / ClojureScript,2,6993,developers worldwide (weighted),https://www.jetbrains.com/lp/devecosystem-2019/,
2019,jetbrains-used-last-12-months,CoffeeScript,2,6993,developers worldwide (weighted),https://www.jetbrains.com/lp/devecosystem-2019/,
2019,jetbrains-used-last-12-months,Crystal,1,6993,developers worldwide (weighted),https://www.jetbrains.com/lp/devecosystem-2019/,
2019,jetbrains-used-last-12-months,Delphi,1,6993,developers worldwide (weighted),https://www.jetbrains.com/lp/devecosystem-2019/,
2019,jetbrains-used-last-12-months,F#,1,6993,developers worldwide (weighted),https://www.jetbrains.com/lp/devecosystem-2019/,
2019,jetbrains-used-last-12-months,Julia,1,6993,developers worldwide (weighted),https://www.jetbrains.com/lp/devecosystem-2019/,
2020,jetbrains-planned-adoption,Go,13,19696,developers worldwide (weighted),https://www.jetbrains.com/lp/devecosystem-2020/,
2020,jetbrains-planned-adoption,Kotlin,10,19696,developers worldwide (weighted),https://www.jetbrains.com/lp/devecosystem-2020/,
2020,jetbrains-planned-adoption,Python,9,19696,developers worldwide (weighted),https://www.jetbrains.com/lp/devecosystem-2020/,
2020,jetbrains-planned-adoption,Rust,8,19696,developers worldwide (weighted),https://www.jetbrains.com/lp/devecosystem-2020/,
2020,jetbrains-planned-adoption,TypeScript,8,19696,developers worldwide (weighted),https://www.jetbrains.com/lp/devecosystem-2020/,
2020,jetbrains-planned-adoption,Swift,6,19696,developers worldwide (weighted),https://www.jetbrains.com/lp/devecosystem-2020/,
2020,jetbrains-planned-adoption,Dart,5,19696,developers worldwide (weighted),https://www.jetbrains.com/lp/devecosystem-2020/,
2020,jetbrains-planned-adoption,C#,4,19696,developers worldwide (weighted),https://www.jetbrains.com/lp/devecosystem-2020/,
2020,jetbrains-planned-adoption,C++,4,19696,developers worldwide (weighted),https://www.jetbrains.com/lp/devecosystem-2020/,
2020,jetbrains-planned-adoption,Java,4,19696,developers worldwide (weighted),https://www.jetbrains.com/lp/devecosystem-2020/,
2020,jetbrains-planned-adoption,JavaScript,4,19696,developers worldwide (weighted),https://www.jetbrains.com/lp/devecosystem-2020/,
2020,jetbrains-planned-adoption,Other,3,19696,developers worldwide (weighted),https://www.jetbrains.com/lp/devecosystem-2020/,
2020,jetbrains-planned-adoption,R,3,19696,developers worldwide (weighted),https://www.jetbrains.com/lp/devecosystem-2020/,
2020,jetbrains-planned-adoption,Ruby,3,19696,developers worldwide (weighted),https://www.jetbrains.com/lp/devecosystem-2020/,
2020,jetbrains-planned-adoption,SQL,3,19696,developers worldwide (weighted),https://www.jetbrains.com/lp/devecosystem-2020/,
2020,jetbrains-planned-adoption,Scala,3,19696,developers worldwide (weighted),https://www.jetbrains.com/lp/devecosystem-2020/,
2020,jetbrains-planned-adoption,C,2,19696,developers worldwide (weighted),https://www.jetbrains.com/lp/devecosystem-2020/,
2020,jetbrains-planned-adoption,Haskell,2,19696,developers worldwide (weighted),https://www.jetbrains.com/lp/devecosystem-2020/,
2020,jetbrains-planned-adoption,PHP,2,19696,developers worldwide (weighted),https://www.jetbrains.com/lp/devecosystem-2020/,
2020,jetbrains-planned-adoption,Shell scripting languages,2,19696,developers worldwide (weighted),https://www.jetbrains.com/lp/devecosystem-2020/,
2020,jetbrains-planned-adoption,Assembly,1,19696,developers worldwide (weighted),https://www.jetbrains.com/lp/devecosystem-2020/,
2020,jetbrains-planned-adoption,Clojure / ClojureScript,1,19696,developers worldwide (weighted),https://www.jetbrains.com/lp/devecosystem-2020/,
2020,jetbrains-planned-adoption,Elixir,1,19696,developers worldwide (weighted),https://www.jetbrains.com/lp/devecosystem-2020/,
2020,jetbrains-planned-adoption,F#,1,19696,developers worldwide (weighted),https://www.jetbrains.com/lp/devecosystem-2020/,
2020,jetbrains-planned-adoption,Groovy,1,19696,developers worldwide (weighted),https://www.jetbrains.com/lp/devecosystem-2020/,
2020,jetbrains-planned-adoption,HTML / CSS,1,19696,developers worldwide (weighted),https://www.jetbrains.com/lp/devecosystem-2020/,
2020,jetbrains-planned-adoption,Julia,1,19696,developers worldwide (weighted),https://www.jetbrains.com/lp/devecosystem-2020/,
2020,jetbrains-planned-adoption,Lua,1,19696,developers worldwide (weighted),https://www.jetbrains.com/lp/devecosystem-2020/,
2020,jetbrains-planned-adoption,Matlab,1,19696,developers worldwide (weighted),https://www.jetbrains.com/lp/devecosystem-2020/,
2020,jetbrains-planned-adoption,Objective-C,1,19696,developers worldwide (weighted),https://www.jetbrains.com/lp/devecosystem-2020/,
2020,jetbrains-planned-adoption,Perl,1,19696,developers worldwide (weighted),https://www.jetbrains.com/lp/devecosystem-2020/,
2020,jetbrains-planned-adoption,Visual Basic,1,19696,developers worldwide (weighted),https://www.jetbrains.com/lp/devecosystem-2020/,
2020,jetbrains-planned-adoption,CoffeeScript,0,19696,developers worldwide (weighted),https://www.jetbrains.com/lp/devecosystem-2020/,
2020,jetbrains-planned-adoption,Delphi,0,19696,developers worldwide (weighted),https://www.jetbrains.com/lp/devecosystem-2020/,
2020,jetbrains-primary-language,JavaScript,39,19696,developers worldwide (weighted),https://www.jetbrains.com/lp/devecosystem-2020/,
2020,jetbrains-primary-language,Java,37,19696,developers worldwide (weighted),https://www.jetbrains.com/lp/devecosystem-2020/,
2020,jetbrains-primary-language,Python,31,19696,developers worldwide (weighted),https://www.jetbrains.com/lp/devecosystem-2020/,
2020,jetbrains-primary-language,HTML / CSS,22,19696,developers worldwide (weighted),https://www.jetbrains.com/lp/devecosystem-2020/,
2020,jetbrains-primary-language,SQL,17,19696,developers worldwide (weighted),https://www.jetbrains.com/lp/devecosystem-2020/,
2020,jetbrains-primary-language,PHP,15,19696,developers worldwide (weighted),https://www.jetbrains.com/lp/devecosystem-2020/,
2020,jetbrains-primary-language,C#,13,19696,developers worldwide (weighted),https://www.jetbrains.com/lp/devecosystem-2020/,
2020,jetbrains-primary-language,C++,13,19696,developers worldwide (weighted),https://www.jetbrains.com/lp/devecosystem-2020/,
2020,jetbrains-primary-language,TypeScript,12,19696,developers worldwide (weighted),https://www.jetbrains.com/lp/devecosystem-2020/,
2020,jetbrains-primary-language,C,7,19696,developers worldwide (weighted),https://www.jetbrains.com/lp/devecosystem-2020/,
2020,jetbrains-primary-language,Go,7,19696,developers worldwide (weighted),https://www.jetbrains.com/lp/devecosystem-2020/,
2020,jetbrains-primary-language,Kotlin,7,19696,developers worldwide (weighted),https://www.jetbrains.com/lp/devecosystem-2020/,
2020,jetbrains-primary-language,Shell scripting languages,7,19696,developers worldwide (weighted),https://www.jetbrains.com/lp/devecosystem-2020/,
2020,jetbrains-primary-language,Other,5,19696,developers worldwide (weighted),https://www.jetbrains.com/lp/devecosystem-2020/,
2020,jetbrains-primary-language,Ruby,3,19696,developers worldwide (weighted),https://www.jetbrains.com/lp/devecosystem-2020/,
2020,jetbrains-primary-language,Swift,3,19696,developers worldwide (weighted),https://www.jetbrains.com/lp/devecosystem-2020/,
2020,jetbrains-primary-language,Dart,2,19696,developers worldwide (weighted),https://www.jetbrains.com/lp/devecosystem-2020/,
2020,jetbrains-primary-language,Rust,2,19696,developers worldwide (weighted),https://www.jetbrains.com/lp/devecosystem-2020/,
2020,jetbrains-primary-language,Scala,2,19696,developers worldwide (weighted),https://www.jetbrains.com/lp/devecosystem-2020/,
2020,jetbrains-primary-language,Objective-C,1,19696,developers worldwide (weighted),https://www.jetbrains.com/lp/devecosystem-2020/,
2020,jetbrains-primary-language,R,1,19696,developers worldwide (weighted),https://www.jetbrains.com/lp/devecosystem-2020/,
2020,jetbrains-used-last-12-months,JavaScript,70,19696,developers worldwide (weighted),https://www.jetbrains.com/lp/devecosystem-2020/,
2020,jetbrains-used-last-12-months,HTML / CSS,61,19696,developers worldwide (weighted),https://www.jetbrains.com/lp/devecosystem-2020/,
2020,jetbrains-used-last-12-months,SQL,56,19696,developers worldwide (weighted),https://www.jetbrains.com/lp/devecosystem-2020/,
2020,jetbrains-used-last-12-months,Python,55,19696,developers worldwide (weighted),https://www.jetbrains.com/lp/devecosystem-2020/,
2020,jetbrains-used-last-12-months,Java,54,19696,developers worldwide (weighted),https://www.jetbrains.com/lp/devecosystem-2020/,
2020,jetbrains-used-last-12-months,Shell scripting languages,39,19696,developers worldwide (weighted),https://www.jetbrains.com/lp/devecosystem-2020/,
2020,jetbrains-used-last-12-months,TypeScript,28,19696,developers worldwide (weighted),https://www.jetbrains.com/lp/devecosystem-2020/,
2020,jetbrains-used-last-12-months,C++,27,19696,developers worldwide (weighted),https://www.jetbrains.com/lp/devecosystem-2020/,
2020,jetbrains-used-last-12-months,PHP,27,19696,developers worldwide (weighted),https://www.jetbrains.com/lp/devecosystem-2020/,
2020,jetbrains-used-last-12-months,C,23,19696,developers worldwide (weighted),https://www.jetbrains.com/lp/devecosystem-2020/,
2020,jetbrains-used-last-12-months,C#,22,19696,developers worldwide (weighted),https://www.jetbrains.com/lp/devecosystem-2020/,
2020,jetbrains-used-last-12-months,Go,19,19696,developers worldwide (weighted),https://www.jetbrains.com/lp/devecosystem-2020/,
2020,jetbrains-used-last-12-months,Kotlin,17,19696,developers worldwide (weighted),https://www.jetbrains.com/lp/devecosystem-2020/,
2020,jetbrains-used-last-12-months,Dart,9,19696,developers worldwide (weighted),https://www.jetbrains.com/lp/devecosystem-2020/,
2020,jetbrains-used-last-12-months,Swift,9,19696,developers worldwide (weighted),https://www.jetbrains.com/lp/devecosystem-2020/,
2020,jetbrains-used-last-12-months,Ruby,8,19696,developers worldwide (weighted),https://www.jetbrains.com/lp/devecosystem-2020/,
2020,jetbrains-used-last-12-months,Rust,7,19696,developers worldwide (weighted),https://www.jetbrains.com/lp/devecosystem-2020/,
2020,jetbrains-used-last-12-months,Matlab,5,19696,developers worldwide (weighted),https://www.jetbrains.com/lp/devecosystem-2020/,
2020,jetbrains-used-last-12-months,R,5,19696,developers worldwide (weighted),https://www.jetbrains.com/lp/devecosystem-2020/,
2020,jetbrains-used-last-12-months,Scala,5,19696,developers worldwide (weighted),https://www.jetbrains.com/lp/devecosystem-2020/,
2020,jetbrains-used-last-12-months,Visual Basic,5,19696,developers worldwide (weighted),https://www.jetbrains.com/lp/devecosystem-2020/,
2020,jetbrains-used-last-12-months,Assembly,4,19696,developers worldwide (weighted),https://www.jetbrains.com/lp/devecosystem-2020/,
2020,jetbrains-used-last-12-months,Groovy,4,19696,developers worldwide (weighted),https://www.jetbrains.com/lp/devecosystem-2020/,
2020,jetbrains-used-last-12-months,Objective-C,4,19696,developers worldwide (weighted),https://www.jetbrains.com/lp/devecosystem-2020/,
2020,jetbrains-used-last-12-months,Lua,3,19696,developers worldwide (weighted),https://www.jetbrains.com/lp/devecosystem-2020/,
2020,jetbrains-used-last-12-months,Haskell,2,19696,developers worldwide (weighted),https://www.jetbrains.com/lp/devecosystem-2020/,
2020,jetbrains-used-last-12-months,Perl,2,19696,developers worldwide (weighted),https://www.jetbrains.com/lp/devecosystem-2020/,
2020,jetbrains-used-last-12-months,Clojure / ClojureScript,1,19696,developers worldwide (weighted),https://www.jetbrains.com/lp/devecosystem-2020/,
2020,jetbrains-used-last-12-months,CoffeeScript,1,19696,developers worldwide (weighted),https://www.jetbrains.com/lp/devecosystem-2020/,
2020,jetbrains-used-last-12-months,Delphi,1,19696,developers worldwide (weighted),https://www.jetbrains.com/lp/devecosystem-2020/,
2020,jetbrains-used-last-12-months,Elixir,1,19696,developers worldwide (weighted),https://www.jetbrains.com/lp/devecosystem-2020/,
2020,jetbrains-used-last-12-months,F#,1,19696,developers worldwide (weighted),https://www.jetbrains.com/lp/devecosystem-2020/,
2020,jetbrains-used-last-12-months,Julia,1,19696,developers worldwide (weighted),https://www.jetbrains.com/lp/devecosystem-2020/,
2020,jetbrains-used-last-12-months,Other,1,19696,developers worldwide (weighted),https://www.jetbrains.com/lp/devecosystem-2020/,
2021,jetbrains-planned-adoption,Go,11,31743,developers worldwide (weighted),https://www.jetbrains.com/lp/devecosystem-2021/,
2021,jetbrains-planned-adoption,Kotlin,9,31743,developers worldwide (weighted),https://www.jetbrains.com/lp/devecosystem-2021/,
2021,jetbrains-planned-adoption,TypeScript,9,31743,developers worldwide (weighted),https://www.jetbrains.com/lp/devecosystem-2021/,
2021,jetbrains-planned-adoption,Python,8,31743,developers worldwide (weighted),https://www.jetbrains.com/lp/devecosystem-2021/,
2021,jetbrains-planned-adoption,Rust,7,31743,developers worldwide (weighted),https://www.jetbrains.com/lp/devecosystem-2021/,
2021,jetbrains-planned-adoption,Swift,5,31743,developers worldwide (weighted),https://www.jetbrains.com/lp/devecosystem-2021/,
2021,jetbrains-planned-adoption,C#,4,31743,developers worldwide (weighted),https://www.jetbrains.com/lp/devecosystem-2021/,
2021,jetbrains-planned-adoption,C++,4,31743,developers worldwide (weighted),https://www.jetbrains.com/lp/devecosystem-2021/,
2021,jetbrains-planned-adoption,Dart,4,31743,developers worldwide (weighted),https://www.jetbrains.com/lp/devecosystem-2021/,
2021,jetbrains-planned-adoption,GraphQL,4,31743,developers worldwide (weighted),https://www.jetbrains.com/lp/devecosystem-2021/,
2021,jetbrains-planned-adoption,Java,4,31743,developers worldwide (weighted),https://www.jetbrains.com/lp/devecosystem-2021/,
2021,jetbrains-planned-adoption,JavaScript,4,31743,developers worldwide (weighted),https://www.jetbrains.com/lp/devecosystem-2021/,
2021,jetbrains-planned-adoption,Other,3,31743,developers worldwide (weighted),https://www.jetbrains.com/lp/devecosystem-2021/,
2021,jetbrains-planned-adoption,Ruby,3,31743,developers worldwide (weighted),https://www.jetbrains.com/lp/devecosystem-2021/,
2021,jetbrains-planned-adoption,SQL,3,31743,developers worldwide (weighted),https://www.jetbrains.com/lp/devecosystem-2021/,
2021,jetbrains-planned-adoption,HTML / CSS,2,31743,developers worldwide (weighted),https://www.jetbrains.com/lp/devecosystem-2021/,
2021,jetbrains-planned-adoption,PHP,2,31743,developers worldwide (weighted),https://www.jetbrains.com/lp/devecosystem-2021/,
2021,jetbrains-planned-adoption,R,2,31743,developers worldwide (weighted),https://www.jetbrains.com/lp/devecosystem-2021/,
2021,jetbrains-planned-adoption,Scala,2,31743,developers worldwide (weighted),https://www.jetbrains.com/lp/devecosystem-2021/,
2021,jetbrains-planned-adoption,Shell scripting languages,2,31743,developers worldwide (weighted),https://www.jetbrains.com/lp/devecosystem-2021/,
2021,jetbrains-planned-adoption,Assembly,1,31743,developers worldwide (weighted),https://www.jetbrains.com/lp/devecosystem-2021/,
2021,jetbrains-planned-adoption,C,1,31743,developers worldwide (weighted),https://www.jetbrains.com/lp/devecosystem-2021/,
2021,jetbrains-planned-adoption,F#,1,31743,developers worldwide (weighted),https://www.jetbrains.com/lp/devecosystem-2021/,
2021,jetbrains-planned-adoption,Haskell,1,31743,developers worldwide (weighted),https://www.jetbrains.com/lp/devecosystem-2021/,
2021,jetbrains-planned-adoption,Julia,1,31743,developers worldwide (weighted),https://www.jetbrains.com/lp/devecosystem-2021/,
2021,jetbrains-planned-adoption,MATLAB,1,31743,developers worldwide (weighted),https://www.jetbrains.com/lp/devecosystem-2021/,
2021,jetbrains-planned-adoption,Objective-C,1,31743,developers worldwide (weighted),https://www.jetbrains.com/lp/devecosystem-2021/,
2021,jetbrains-planned-adoption,Clojure / ClojureScript,0,31743,developers worldwide (weighted),https://www.jetbrains.com/lp/devecosystem-2021/,
2021,jetbrains-planned-adoption,Delphi,0,31743,developers worldwide (weighted),https://www.jetbrains.com/lp/devecosystem-2021/,
2021,jetbrains-planned-adoption,Groovy,0,31743,developers worldwide (weighted),https://www.jetbrains.com/lp/devecosystem-2021/,
2021,jetbrains-planned-adoption,Lua,0,31743,developers worldwide (weighted),https://www.jetbrains.com/lp/devecosystem-2021/,
2021,jetbrains-planned-adoption,Perl,0,31743,developers worldwide (weighted),https://www.jetbrains.com/lp/devecosystem-2021/,
2021,jetbrains-planned-adoption,Visual Basic,0,31743,developers worldwide (weighted),https://www.jetbrains.com/lp/devecosystem-2021/,
2021,jetbrains-primary-language,JavaScript,39,31743,developers worldwide (weighted),https://www.jetbrains.com/lp/devecosystem-2021/,
2021,jetbrains-primary-language,Java,32,31743,developers worldwide (weighted),https://www.jetbrains.com/lp/devecosystem-2021/,
2021,jetbrains-primary-language,Python,29,31743,developers worldwide (weighted),https://www.jetbrains.com/lp/devecosystem-2021/,
2021,jetbrains-primary-language,HTML / CSS,24,31743,developers worldwide (weighted),https://www.jetbrains.com/lp/devecosystem-2021/,
2021,jetbrains-primary-language,PHP,22,31743,developers worldwide (weighted),https://www.jetbrains.com/lp/devecosystem-2021/,
2021,jetbrains-primary-language,SQL,18,31743,developers worldwide (weighted),https://www.jetbrains.com/lp/devecosystem-2021/,
2021,jetbrains-primary-language,TypeScript,13,31743,developers worldwide (weighted),https://www.jetbrains.com/lp/devecosystem-2021/,
2021,jetbrains-primary-language,C#,12,31743,developers worldwide (weighted),https://www.jetbrains.com/lp/devecosystem-2021/,
2021,jetbrains-primary-language,C++,11,31743,developers worldwide (weighted),https://www.jetbrains.com/lp/devecosystem-2021/,
2021,jetbrains-primary-language,Go,8,31743,developers worldwide (weighted),https://www.jetbrains.com/lp/devecosystem-2021/,
2021,jetbrains-primary-language,Kotlin,7,31743,developers worldwide (weighted),https://www.jetbrains.com/lp/devecosystem-2021/,
2021,jetbrains-primary-language,Shell scripting languages,6,31743,developers worldwide (weighted),https://www.jetbrains.com/lp/devecosystem-2021/,
2021,jetbrains-primary-language,C,5,31743,developers worldwide (weighted),https://www.jetbrains.com/lp/devecosystem-2021/,
2021,jetbrains-primary-language,Other,4,31743,developers worldwide (weighted),https://www.jetbrains.com/lp/devecosystem-2021/,
2021,jetbrains-primary-language,Dart,3,31743,developers worldwide (weighted),https://www.jetbrains.com/lp/devecosystem-2021/,
2021,jetbrains-primary-language,Ruby,2,31743,developers worldwide (weighted),https://www.jetbrains.com/lp/devecosystem-2021/,
2021,jetbrains-primary-language,Rust,2,31743,developers worldwide (weighted),https://www.jetbrains.com/lp/devecosystem-2021/,
2021,jetbrains-primary-language,Swift,2,31743,developers worldwide (weighted),https://www.jetbrains.com/lp/devecosystem-2021/,
2021,jetbrains-primary-language,I don't use programming languages,1,31743,developers worldwide (weighted),https://www.jetbrains.com/lp/devecosystem-2021/,
2021,jetbrains-primary-language,Objective-C,1,31743,developers worldwide (weighted),https://www.jetbrains.com/lp/devecosystem-2021/,
2021,jetbrains-primary-language,R,1,31743,developers worldwide (weighted),https://www.jetbrains.com/lp/devecosystem-2021/,
2021,jetbrains-primary-language,Scala,1,31743,developers worldwide (weighted),https://www.jetbrains.com/lp/devecosystem-2021/,
2021,jetbrains-primary-language,Visual Basic,1,31743,developers worldwide (weighted),https://www.jetbrains.com/lp/devecosystem-2021/,
2021,jetbrains-primary-language,GraphQL,0,31743,developers worldwide (weighted),https://www.jetbrains.com/lp/devecosystem-2021/,
2021,jetbrains-used-last-12-months,JavaScript,69,31743,developers worldwide (weighted),https://www.jetbrains.com/lp/devecosystem-2021/,
2021,jetbrains-used-last-12-months,HTML / CSS,60,31743,developers worldwide (weighted),https://www.jetbrains.com/lp/devecosystem-2021/,
2021,jetbrains-used-last-12-months,SQL,54,31743,developers worldwide (weighted),https://www.jetbrains.com/lp/devecosystem-2021/,
2021,jetbrains-used-last-12-months,Python,52,31743,developers worldwide (weighted),https://www.jetbrains.com/lp/devecosystem-2021/,
2021,jetbrains-used-last-12-months,Java,49,31743,developers worldwide (weighted),https://www.jetbrains.com/lp/devecosystem-2021/,
2021,jetbrains-used-last-12-months,Shell scripting languages,37,31743,developers worldwide (weighted),https://www.jetbrains.com/lp/devecosystem-2021/,
2021,jetbrains-used-last-12-months,PHP,32,31743,developers worldwide (weighted),https://www.jetbrains.com/lp/devecosystem-2021/,
2021,jetbrains-used-last-12-months,TypeScript,29,31743,developers worldwide (weighted),https://www.jetbrains.com/lp/devecosystem-2021/,
2021,jetbrains-used-last-12-months,C++,23,31743,developers worldwide (weighted),https://www.jetbrains.com/lp/devecosystem-2021/,
2021,jetbrains-used-last-12-months,C#,21,31743,developers worldwide (weighted),https://www.jetbrains.com/lp/devecosystem-2021/,
2021,jetbrains-used-last-12-months,C,19,31743,developers worldwide (weighted),https://www.jetbrains.com/lp/devecosystem-2021/,
2021,jetbrains-used-last-12-months,Go,17,31743,developers worldwide (weighted),https://www.jetbrains.com/lp/devecosystem-2021/,
2021,jetbrains-used-last-12-months,Kotlin,14,31743,developers worldwide (weighted),https://www.jetbrains.com/lp/devecosystem-2021/,
2021,jetbrains-used-last-12-months,Dart,8,31743,developers worldwide (weighted),https://www.jetbrains.com/lp/devecosystem-2021/,
2021,jetbrains-used-last-12-months,GraphQL,8,31743,developers worldwide (weighted),https://www.jetbrains.com/lp/devecosystem-2021/,
2021,jetbrains-used-last-12-months,Swift,7,31743,developers worldwide (weighted),https://www.jetbrains.com/lp/devecosystem-2021/,
2021,jetbrains-used-last-12-months,Ruby,6,31743,developers worldwide (weighted),https://www.jetbrains.com/lp/devecosystem-2021/,
2021,jetbrains-used-last-12-months,Rust,6,31743,developers worldwide (weighted),https://www.jetbrains.com/lp/devecosystem-2021/,
2021,jetbrains-used-last-12-months,Groovy,4,31743,developers worldwide (weighted),https://www.jetbrains.com/lp/devecosystem-2021/,
2021,jetbrains-used-last-12-months,MATLAB,4,31743,developers worldwide (weighted),https://www.jetbrains.com/lp/devecosystem-2021/,
2021,jetbrains-used-last-12-months,Other,4,31743,developers worldwide (weighted),https://www.jetbrains.com/lp/devecosystem-2021/,
2021,jetbrains-used-last-12-months,R,4,31743,developers worldwide (weighted),https://www.jetbrains.com/lp/devecosystem-2021/,
2021,jetbrains-used-last-12-months,Visual Basic,4,31743,developers worldwide (weighted),https://www.jetbrains.com/lp/devecosystem-2021/,
2021,jetbrains-used-last-12-months,Assembly,3,31743,developers worldwide (weighted),https://www.jetbrains.com/lp/devecosystem-2021/,
2021,jetbrains-used-last-12-months,Lua,3,31743,developers worldwide (weighted),https://www.jetbrains.com/lp/devecosystem-2021/,
2021,jetbrains-used-last-12-months,Objective-C,3,31743,developers worldwide (weighted),https://www.jetbrains.com/lp/devecosystem-2021/,
2021,jetbrains-used-last-12-months,Scala,3,31743,developers worldwide (weighted),https://www.jetbrains.com/lp/devecosystem-2021/,
2021,jetbrains-used-last-12-months,Haskell,2,31743,developers worldwide (weighted),https://www.jetbrains.com/lp/devecosystem-2021/,
2021,jetbrains-used-last-12-months,Perl,2,31743,developers worldwide (weighted),https://www.jetbrains.com/lp/devecosystem-2021/,
2021,jetbrains-used-last-12-months,Clojure / ClojureScript,1,31743,developers worldwide (weighted),https://www.jetbrains.com/lp/devecosystem-2021/,
2021,jetbrains-used-last-12-months,Delphi,1,31743,developers worldwide (weighted),https://www.jetbrains.com/lp/devecosystem-2021/,
2021,jetbrains-used-last-12-months,F#,1,31743,developers worldwide (weighted),https://www.jetbrains.com/lp/devecosystem-2021/,
2021,jetbrains-used-last-12-months,Julia,1,31743,developers worldwide (weighted),https://www.jetbrains.com/lp/devecosystem-2021/,
2022,jetbrains-planned-adoption,Go,12,29269,developers worldwide (weighted),https://www.jetbrains.com/lp/devecosystem-2022/,
2022,jetbrains-planned-adoption,Rust,11,29269,developers worldwide (weighted),https://www.jetbrains.com/lp/devecosystem-2022/,
2022,jetbrains-planned-adoption,Kotlin,8,29269,developers worldwide (weighted),https://www.jetbrains.com/lp/devecosystem-2022/,
2022,jetbrains-planned-adoption,Python,7,29269,developers worldwide (weighted),https://www.jetbrains.com/lp/devecosystem-2022/,
2022,jetbrains-planned-adoption,TypeScript,7,29269,developers worldwide (weighted),https://www.jetbrains.com/lp/devecosystem-2022/,
2022,jetbrains-planned-adoption,Swift,5,29269,developers worldwide (weighted),https://www.jetbrains.com/lp/devecosystem-2022/,
2022,jetbrains-planned-adoption,C#,4,29269,developers worldwide (weighted),https://www.jetbrains.com/lp/devecosystem-2022/,
2022,jetbrains-planned-adoption,C++,4,29269,developers worldwide (weighted),https://www.jetbrains.com/lp/devecosystem-2022/,
2022,jetbrains-planned-adoption,Dart,4,29269,developers worldwide (weighted),https://www.jetbrains.com/lp/devecosystem-2022/,
2022,jetbrains-planned-adoption,GraphQL,3,29269,developers worldwide (weighted),https://www.jetbrains.com/lp/devecosystem-2022/,
2022,jetbrains-planned-adoption,Java,3,29269,developers worldwide (weighted),https://www.jetbrains.com/lp/devecosystem-2022/,
2022,jetbrains-planned-adoption,JavaScript,3,29269,developers worldwide (weighted),https://www.jetbrains.com/lp/devecosystem-2022/,
2022,jetbrains-planned-adoption,Other,3,29269,developers worldwide (weighted),https://www.jetbrains.com/lp/devecosystem-2022/,
2022,jetbrains-planned-adoption,SQL,3,29269,developers worldwide (weighted),https://www.jetbrains.com/lp/devecosystem-2022/,
2022,jetbrains-planned-adoption,C,2,29269,developers worldwide (weighted),https://www.jetbrains.com/lp/devecosystem-2022/,
2022,jetbrains-planned-adoption,PHP,2,29269,developers worldwide (weighted),https://www.jetbrains.com/lp/devecosystem-2022/,
2022,jetbrains-planned-adoption,R,2,29269,developers worldwide (weighted),https://www.jetbrains.com/lp/devecosystem-2022/,
2022,jetbrains-planned-adoption,Ruby,2,29269,developers worldwide (weighted),https://www.jetbrains.com/lp/devecosystem-2022/,
2022,jetbrains-planned-adoption,Shell scripting languages,2,29269,developers worldwide (weighted),https://www.jetbrains.com/lp/devecosystem-2022/,
2022,jetbrains-planned-adoption,Assembly,1,29269,developers worldwide (weighted),https://www.jetbrains.com/lp/devecosystem-2022/,
2022,jetbrains-planned-adoption,Elixir,1,29269,developers worldwide (weighted),https://www.jetbrains.com/lp/devecosystem-2022/,
2022,jetbrains-planned-adoption,F#,1,29269,developers worldwide (weighted),https://www.jetbrains.com/lp/devecosystem-2022/,
2022,jetbrains-planned-adoption,HTML / CSS,1,29269,developers worldwide (weighted),https://www.jetbrains.com/lp/devecosystem-2022/,
2022,jetbrains-planned-adoption,Haskell,1,29269,developers worldwide (weighted),https://www.jetbrains.com/lp/devecosystem-2022/,
2022,jetbrains-planned-adoption,Julia,1,29269,developers worldwide (weighted),https://www.jetbrains.com/lp/devecosystem-2022/,
2022,jetbrains-planned-adoption,Lua,1,29269,developers worldwide (weighted),https://www.jetbrains.com/lp/devecosystem-2022/,
2022,jetbrains-planned-adoption,MATLAB,1,29269,developers worldwide (weighted),https://www.jetbrains.com/lp/devecosystem-2022/,
2022,jetbrains-planned-adoption,Objective-C,1,29269,developers worldwide (weighted),https://www.jetbrains.com/lp/devecosystem-2022/,
2022,jetbrains-planned-adoption,Scala,1,29269,developers worldwide (weighted),https://www.jetbrains.com/lp/devecosystem-2022/,
2022,jetbrains-planned-adoption,Visual Basic,1,29269,developers worldwide (weighted),https://www.jetbrains.com/lp/devecosystem-2022/,
2022,jetbrains-planned-adoption,COBOL,0,29269,developers worldwide (weighted),https://www.jetbrains.com/lp/devecosystem-2022/,
2022,jetbrains-planned-adoption,Clojure / ClojureScript,0,29269,developers worldwide (weighted),https://www.jetbrains.com/lp/devecosystem-2022/,
2022,jetbrains-planned-adoption,Delphi,0,29269,developers worldwide (weighted),https://www.jetbrains.com/lp/devecosystem-2022/,
2022,jetbrains-planned-adoption,Groovy,0,29269,developers worldwide (weighted),https://www.jetbrains.com/lp/devecosystem-2022/,
2022,jetbrains-planned-adoption,Perl,0,29269,developers worldwide (weighted),https://www.jetbrains.com/lp/devecosystem-2022/,
2022,jetbrains-primary-language,JavaScript,33,29269,developers worldwide (weighted),https://www.jetbrains.com/lp/devecosystem-2022/,
2022,jetbrains-primary-language,Python,32,29269,developers worldwide (weighted),https://www.jetbrains.com/lp/devecosystem-2022/,
2022,jetbrains-primary-language,Java,31,29269,developers worldwide (weighted),https://www.jetbrains.com/lp/devecosystem-2022/,
2022,jetbrains-primary-language,HTML / CSS,20,29269,developers worldwide (weighted),https://www.jetbrains.com/lp/devecosystem-2022/,
2022,jetbrains-primary-language,TypeScript,18,29269,developers worldwide (weighted),https://www.jetbrains.com/lp/devecosystem-2022/,
2022,jetbrains-primary-language,SQL,17,29269,developers worldwide (weighted),https://www.jetbrains.com/lp/devecosystem-2022/,
2022,jetbrains-primary-language,C#,14,29269,developers worldwide (weighted),https://www.jetbrains.com/lp/devecosystem-2022/,
2022,jetbrains-primary-language,C++,12,29269,developers worldwide (weighted),https://www.jetbrains.com/lp/devecosystem-2022/,
2022,jetbrains-primary-language,PHP,11,29269,developers worldwide (weighted),https://www.jetbrains.com/lp/devecosystem-2022/,
2022,jetbrains-primary-language,Go,9,29269,developers worldwide (weighted),https://www.jetbrains.com/lp/devecosystem-2022/,
2022,jetbrains-primary-language,Kotlin,8,29269,developers worldwide (weighted),https://www.jetbrains.com/lp/devecosystem-2022/,
2022,jetbrains-primary-language,Shell scripting languages,7,29269,developers worldwide (weighted),https://www.jetbrains.com/lp/devecosystem-2022/,
2022,jetbrains-primary-language,C,6,29269,developers worldwide (weighted),https://www.jetbrains.com/lp/devecosystem-2022/,
2022,jetbrains-primary-language,Other,4,29269,developers worldwide (weighted),https://www.jetbrains.com/lp/devecosystem-2022/,
2022,jetbrains-primary-language,Dart,3,29269,developers worldwide (weighted),https://www.jetbrains.com/lp/devecosystem-2022/,
2022,jetbrains-primary-language,Rust,3,29269,developers worldwide (weighted),https://www.jetbrains.com/lp/devecosystem-2022/,
2022,jetbrains-primary-language,Swift,3,29269,developers worldwide (weighted),https://www.jetbrains.com/lp/devecosystem-2022/,
2022,jetbrains-primary-language,Ruby,2,29269,developers worldwide (weighted),https://www.jetbrains.com/lp/devecosystem-2022/,
2022,jetbrains-primary-language,GraphQL,1,29269,developers worldwide (weighted),https://www.jetbrains.com/lp/devecosystem-2022/,
2022,jetbrains-primary-language,Groovy,1,29269,developers worldwide (weighted),https://www.jetbrains.com/lp/devecosystem-2022/,
2022,jetbrains-primary-language,Lua,1,29269,developers worldwide (weighted),https://www.jetbrains.com/lp/devecosystem-2022/,
2022,jetbrains-primary-language,R,1,29269,developers worldwide (weighted),https://www.jetbrains.com/lp/devecosystem-2022/,
2022,jetbrains-primary-language,Scala,1,29269,developers worldwide (weighted),https://www.jetbrains.com/lp/devecosystem-2022/,
2022,jetbrains-primary-language,Visual Basic,1,29269,developers worldwide (weighted),https://www.jetbrains.com/lp/devecosystem-2022/,
2022,jetbrains-used-last-12-months,JavaScript,65,29269,developers worldwide (weighted),https://www.jetbrains.com/lp/devecosystem-2022/,
2022,jetbrains-used-last-12-months,HTML / CSS,55,29269,developers worldwide (weighted),https://www.jetbrains.com/lp/devecosystem-2022/,
2022,jetbrains-used-last-12-months,Python,53,29269,developers worldwide (weighted),https://www.jetbrains.com/lp/devecosystem-2022/,
2022,jetbrains-used-last-12-months,SQL,49,29269,developers worldwide (weighted),https://www.jetbrains.com/lp/devecosystem-2022/,
2022,jetbrains-used-last-12-months,Java,48,29269,developers worldwide (weighted),https://www.jetbrains.com/lp/devecosystem-2022/,
2022,jetbrains-used-last-12-months,Shell scripting languages,34,29269,developers worldwide (weighted),https://www.jetbrains.com/lp/devecosystem-2022/,
2022,jetbrains-used-last-12-months,TypeScript,34,29269,developers worldwide (weighted),https://www.jetbrains.com/lp/devecosystem-2022/,
2022,jetbrains-used-last-12-months,C++,25,29269,developers worldwide (weighted),https://www.jetbrains.com/lp/devecosystem-2022/,
2022,jetbrains-used-last-12-months,C#,23,29269,developers worldwide (weighted),https://www.jetbrains.com/lp/devecosystem-2022/,
2022,jetbrains-used-last-12-months,C,20,29269,developers worldwide (weighted),https://www.jetbrains.com/lp/devecosystem-2022/,
2022,jetbrains-used-last-12-months,PHP,20,29269,developers worldwide (weighted),https://www.jetbrains.com/lp/devecosystem-2022/,
2022,jetbrains-used-last-12-months,Go,19,29269,developers worldwide (weighted),https://www.jetbrains.com/lp/devecosystem-2022/,
2022,jetbrains-used-last-12-months,Kotlin,16,29269,developers worldwide (weighted),https://www.jetbrains.com/lp/devecosystem-2022/,
2022,jetbrains-used-last-12-months,Dart,9,29269,developers worldwide (weighted),https://www.jetbrains.com/lp/devecosystem-2022/,
2022,jetbrains-used-last-12-months,Rust,9,29269,developers worldwide (weighted),https://www.jetbrains.com/lp/devecosystem-2022/,
2022,jetbrains-used-last-12-months,GraphQL,8,29269,developers worldwide (weighted),https://www.jetbrains.com/lp/devecosystem-2022/,
2022,jetbrains-used-last-12-months,Swift,7,29269,developers worldwide (weighted),https://www.jetbrains.com/lp/devecosystem-2022/,
2022,jetbrains-used-last-12-months,Ruby,5,29269,developers worldwide (weighted),https://www.jetbrains.com/lp/devecosystem-2022/,
2022,jetbrains-used-last-12-months,Assembly,4,29269,developers worldwide (weighted),https://www.jetbrains.com/lp/devecosystem-2022/,
2022,jetbrains-used-last-12-months,Groovy,4,29269,developers worldwide (weighted),https://www.jetbrains.com/lp/devecosystem-2022/,
2022,jetbrains-used-last-12-months,Lua,4,29269,developers worldwide (weighted),https://www.jetbrains.com/lp/devecosystem-2022/,
2022,jetbrains-used-last-12-months,MATLAB,4,29269,developers worldwide (weighted),https://www.jetbrains.com/lp/devecosystem-2022/,
2022,jetbrains-used-last-12-months,Other,4,29269,developers worldwide (weighted),https://www.jetbrains.com/lp/devecosystem-2022/,
2022,jetbrains-used-last-12-months,R,4,29269,developers worldwide (weighted),https://www.jetbrains.com/lp/devecosystem-2022/,
2022,jetbrains-used-last-12-months,Objective-C,3,29269,developers worldwide (weighted),https://www.jetbrains.com/lp/devecosystem-2022/,
2022,jetbrains-used-last-12-months,Scala,3,29269,developers worldwide (weighted),https://www.jetbrains.com/lp/devecosystem-2022/,
2022,jetbrains-used-last-12-months,Visual Basic,3,29269,developers worldwide (weighted),https://www.jetbrains.com/lp/devecosystem-2022/,
2022,jetbrains-used-last-12-months,Haskell,2,29269,developers worldwide (weighted),https://www.jetbrains.com/lp/devecosystem-2022/,
2022,jetbrains-used-last-12-months,COBOL,1,29269,developers worldwide (weighted),https://www.jetbrains.com/lp/devecosystem-2022/,
2022,jetbrains-used-last-12-months,Clojure / ClojureScript,1,29269,developers worldwide (weighted),https://www.jetbrains.com/lp/devecosystem-2022/,
2022,jetbrains-used-last-12-months,Delphi,1,29269,developers worldwide (weighted),https://www.jetbrains.com/lp/devecosystem-2022/,
2022,jetbrains-used-last-12-months,Elixir,1,29269,developers worldwide (weighted),https://www.jetbrains.com/lp/devecosystem-2022/,
2022,jetbrains-used-last-12-months,F#,1,29269,developers worldwide (weighted),https://www.jetbrains.com/lp/devecosystem-2022/,
2022,jetbrains-used-last-12-months,Julia,1,29269,developers worldwide (weighted),https://www.jetbrains.com/lp/devecosystem-2022/,
2022,jetbrains-used-last-12-months,Perl,1,29269,developers worldwide (weighted),https://www.jetbrains.com/lp/devecosystem-2022/,
2022,jetbrains-used-last-12-months,Platform tied language,1,29269,developers worldwide (weighted),https://www.jetbrains.com/lp/devecosystem-2022/,
2023,jetbrains-planned-adoption,Rust,10,26348,developers worldwide (weighted),https://www.jetbrains.com/lp/devecosystem-2023/languages/,
2023,jetbrains-planned-adoption,Go,9,26348,developers worldwide (weighted),https://www.jetbrains.com/lp/devecosystem-2023/languages/,
2023,jetbrains-planned-adoption,Kotlin,6,26348,developers worldwide (weighted),https://www.jetbrains.com/lp/devecosystem-2023/languages/,
2023,jetbrains-planned-adoption,TypeScript,6,26348,developers worldwide (weighted),https://www.jetbrains.com/lp/devecosystem-2023/languages/,
2023,jetbrains-planned-adoption,Python,5,26348,developers worldwide (weighted),https://www.jetbrains.com/lp/devecosystem-2023/languages/,
2023,jetbrains-planned-adoption,C#,4,26348,developers worldwide (weighted),https://www.jetbrains.com/lp/devecosystem-2023/languages/,
2023,jetbrains-planned-adoption,C++,4,26348,developers worldwide (weighted),https://www.jetbrains.com/lp/devecosystem-2023/languages/,
2023,jetbrains-planned-adoption,Swift,4,26348,developers worldwide (weighted),https://www.jetbrains.com/lp/devecosystem-2023/languages/,
2023,jetbrains-planned-adoption,Dart,3,26348,developers worldwide (weighted),https://www.jetbrains.com/lp/devecosystem-2023/languages/,
2023,jetbrains-planned-adoption,Java,3,26348,developers worldwide (weighted),https://www.jetbrains.com/lp/devecosystem-2023/languages/,
2023,jetbrains-planned-adoption,JavaScript,3,26348,developers worldwide (weighted),https://www.jetbrains.com/lp/devecosystem-2023/languages/,
2023,jetbrains-planned-adoption,C,2,26348,developers worldwide (weighted),https://www.jetbrains.com/lp/devecosystem-2023/languages/,
2023,jetbrains-planned-adoption,GraphQL,2,26348,developers worldwide (weighted),https://www.jetbrains.com/lp/devecosystem-2023/languages/,
2023,jetbrains-planned-adoption,Other,2,26348,developers worldwide (weighted),https://www.jetbrains.com/lp/devecosystem-2023/languages/,
2023,jetbrains-planned-adoption,Ruby,2,26348,developers worldwide (weighted),https://www.jetbrains.com/lp/devecosystem-2023/languages/,
2023,jetbrains-planned-adoption,SQL,2,26348,developers worldwide (weighted),https://www.jetbrains.com/lp/devecosystem-2023/languages/,
2023,jetbrains-planned-adoption,Assembly,1,26348,developers worldwide (weighted),https://www.jetbrains.com/lp/devecosystem-2023/languages/,
2023,jetbrains-planned-adoption,Elixir,1,26348,developers worldwide (weighted),https://www.jetbrains.com/lp/devecosystem-2023/languages/,
2023,jetbrains-planned-adoption,HTML / CSS,1,26348,developers worldwide (weighted),https://www.jetbrains.com/lp/devecosystem-2023/languages/,
2023,jetbrains-planned-adoption,Haskell,1,26348,developers worldwide (weighted),https://www.jetbrains.com/lp/devecosystem-2023/languages/,
2023,jetbrains-planned-adoption,Julia,1,26348,developers worldwide (weighted),https://www.jetbrains.com/lp/devecosystem-2023/languages/,
2023,jetbrains-planned-adoption,Lua,1,26348,developers worldwide (weighted),https://www.jetbrains.com/lp/devecosystem-2023/languages/,
2023,jetbrains-planned-adoption,MATLAB,1,26348,developers worldwide (weighted),https://www.jetbrains.com/lp/devecosystem-2023/languages/,
2023,jetbrains-planned-adoption,PHP,1,26348,developers worldwide (weighted),https://www.jetbrains.com/lp/devecosystem-2023/languages/,
2023,jetbrains-planned-adoption,R,1,26348,developers worldwide (weighted),https://www.jetbrains.com/lp/devecosystem-2023/languages/,
2023,jetbrains-planned-adoption,Scala,1,26348,developers worldwide (weighted),https://www.jetbrains.com/lp/devecosystem-2023/languages/,
2023,jetbrains-planned-adoption,Shell scripting languages,1,26348,developers worldwide (weighted),https://www.jetbrains.com/lp/devecosystem-2023/languages/,
2023,jetbrains-planned-adoption,COBOL,0,26348,developers worldwide (weighted),https://www.jetbrains.com/lp/devecosystem-2023/languages/,
2023,jetbrains-planned-adoption,Clojure / ClojureScript,0,26348,developers worldwide (weighted),https://www.jetbrains.com/lp/devecosystem-2023/languages/,
2023,jetbrains-planned-adoption,Delphi,0,26348,developers worldwide (weighted),https://www.jetbrains.com/lp/devecosystem-2023/languages/,
2023,jetbrains-planned-adoption,F#,0,26348,developers worldwide (weighted),https://www.jetbrains.com/lp/devecosystem-2023/languages/,
2023,jetbrains-planned-adoption,Groovy,0,26348,developers worldwide (weighted),https://www.jetbrains.com/lp/devecosystem-2023/languages/,
2023,jetbrains-planned-adoption,Objective-C,0,26348,developers worldwide (weighted),https://www.jetbrains.com/lp/devecosystem-2023/languages/,
2023,jetbrains-planned-adoption,Perl,0,26348,developers worldwide (weighted),https://www.jetbrains.com/lp/devecosystem-2023/languages/,
2023,jetbrains-planned-adoption,Visual Basic,0,26348,developers worldwide (weighted),https://www.jetbrains.com/lp/devecosystem-2023/languages/,
2023,jetbrains-primary-language,Java,33,26348,developers worldwide (weighted),https://www.jetbrains.com/lp/devecosystem-2023/languages/,
2023,jetbrains-primary-language,Python,32,26348,developers worldwide (weighted),https://www.jetbrains.com/lp/devecosystem-2023/languages/,
2023,jetbrains-primary-language,JavaScript,30,26348,developers worldwide (weighted),https://www.jetbrains.com/lp/devecosystem-2023/languages/,
2023,jetbrains-primary-language,HTML / CSS,18,26348,developers worldwide (weighted),https://www.jetbrains.com/lp/devecosystem-2023/languages/,
2023,jetbrains-primary-language,SQL,18,26348,developers worldwide (weighted),https://www.jetbrains.com/lp/devecosystem-2023/languages/,
2023,jetbrains-primary-language,TypeScript,18,26348,developers worldwide (weighted),https://www.jetbrains.com/lp/devecosystem-2023/languages/,
2023,jetbrains-primary-language,C#,12,26348,developers worldwide (weighted),https://www.jetbrains.com/lp/devecosystem-2023/languages/,
2023,jetbrains-primary-language,C++,12,26348,developers worldwide (weighted),https://www.jetbrains.com/lp/devecosystem-2023/languages/,
2023,jetbrains-primary-language,PHP,10,26348,developers worldwide (weighted),https://www.jetbrains.com/lp/devecosystem-2023/languages/,
2023,jetbrains-primary-language,Go,8,26348,developers worldwide (weighted),https://www.jetbrains.com/lp/devecosystem-2023/languages/,
2023,jetbrains-primary-language,Kotlin,8,26348,developers worldwide (weighted),https://www.jetbrains.com/lp/devecosystem-2023/languages/,
2023,jetbrains-primary-language,Shell scripting,6,26348,developers worldwide (weighted),https://www.jetbrains.com/lp/devecosystem-2023/languages/,
2023,jetbrains-primary-language,C,5,26348,developers worldwide (weighted),https://www.jetbrains.com/lp/devecosystem-2023/languages/,
2023,jetbrains-primary-language,Dart,3,26348,developers worldwide (weighted),https://www.jetbrains.com/lp/devecosystem-2023/languages/,
2023,jetbrains-primary-language,Rust,3,26348,developers worldwide (weighted),https://www.jetbrains.com/lp/devecosystem-2023/languages/,
2023,jetbrains-primary-language,Ruby,2,26348,developers worldwide (weighted),https://www.jetbrains.com/lp/devecosystem-2023/languages/,
2023,jetbrains-primary-language,Scala,2,26348,developers worldwide (weighted),https://www.jetbrains.com/lp/devecosystem-2023/languages/,
2023,jetbrains-primary-language,Swift,2,26348,developers worldwide (weighted),https://www.jetbrains.com/lp/devecosystem-2023/languages/,
2023,jetbrains-primary-language,GraphQL,1,26348,developers worldwide (weighted),https://www.jetbrains.com/lp/devecosystem-2023/languages/,
2023,jetbrains-primary-language,MATLAB,1,26348,developers worldwide (weighted),https://www.jetbrains.com/lp/devecosystem-2023/languages/,
2023,jetbrains-primary-language,Other,1,26348,developers worldwide (weighted),https://www.jetbrains.com/lp/devecosystem-2023/languages/,
2023,jetbrains-primary-language,R,1,26348,developers worldwide (weighted),https://www.jetbrains.com/lp/devecosystem-2023/languages/,
2023,jetbrains-primary-language,Visual Basic,1,26348,developers worldwide (weighted),https://www.jetbrains.com/lp/devecosystem-2023/languages/,
2023,jetbrains-used-last-12-months,JavaScript,61,26348,developers worldwide (weighted),https://www.jetbrains.com/lp/devecosystem-2023/languages/,
2023,jetbrains-used-last-12-months,Python,54,26348,developers worldwide (weighted),https://www.jetbrains.com/lp/devecosystem-2023/languages/,
2023,jetbrains-used-last-12-months,HTML / CSS,52,26348,developers worldwide (weighted),https://www.jetbrains.com/lp/devecosystem-2023/languages/,
2023,jetbrains-used-last-12-months,SQL,52,26348,developers worldwide (weighted),https://www.jetbrains.com/lp/devecosystem-2023/languages/,
2023,jetbrains-used-last-12-months,Java,49,26348,developers worldwide (weighted),https://www.jetbrains.com/lp/devecosystem-2023/languages/,
2023,jetbrains-used-last-12-months,Shell scripting languages,34,26348,developers worldwide (weighted),https://www.jetbrains.com/lp/devecosystem-2023/languages/,
2023,jetbrains-used-last-12-months,TypeScript,34,26348,developers worldwide (weighted),https://www.jetbrains.com/lp/devecosystem-2023/languages/,
2023,jetbrains-used-last-12-months,C++,25,26348,developers worldwide (weighted),https://www.jetbrains.com/lp/devecosystem-2023/languages/,
2023,jetbrains-used-last-12-months,C#,21,26348,developers worldwide (weighted),https://www.jetbrains.com/lp/devecosystem-2023/languages/,
2023,jetbrains-used-last-12-months,C,19,26348,developers worldwide (weighted),https://www.jetbrains.com/lp/devecosystem-2023/languages/,
2023,jetbrains-used-last-12-months,PHP,18,26348,developers worldwide (weighted),https://www.jetbrains.com/lp/devecosystem-2023/languages/,
2023,jetbrains-used-last-12-months,Go,17,26348,developers worldwide (weighted),https://www.jetbrains.com/lp/devecosystem-2023/languages/,
2023,jetbrains-used-last-12-months,Kotlin,15,26348,developers worldwide (weighted),https://www.jetbrains.com/lp/devecosystem-2023/languages/,
2023,jetbrains-used-last-12-months,Rust,10,26348,developers worldwide (weighted),https://www.jetbrains.com/lp/devecosystem-2023/languages/,
2023,jetbrains-used-last-12-months,Dart,7,26348,developers worldwide (weighted),https://www.jetbrains.com/lp/devecosystem-2023/languages/,
2023,jetbrains-used-last-12-months,GraphQL,7,26348,developers worldwide (weighted),https://www.jetbrains.com/lp/devecosystem-2023/languages/,
2023,jetbrains-used-last-12-months,Swift,6,26348,developers worldwide (weighted),https://www.jetbrains.com/lp/devecosystem-2023/languages/,
2023,jetbrains-used-last-12-months,Assembly,4,26348,developers worldwide (weighted),https://www.jetbrains.com/lp/devecosystem-2023/languages/,
2023,jetbrains-used-last-12-months,Groovy,4,26348,developers worldwide (weighted),https://www.jetbrains.com/lp/devecosystem-2023/languages/,
2023,jetbrains-used-last-12-months,Lua,4,26348,developers worldwide (weighted),https://www.jetbrains.com/lp/devecosystem-2023/languages/,
2023,jetbrains-used-last-12-months,MATLAB,4,26348,developers worldwide (weighted),https://www.jetbrains.com/lp/devecosystem-2023/languages/,
2023,jetbrains-used-last-12-months,R,4,26348,developers worldwide (weighted),https://www.jetbrains.com/lp/devecosystem-2023/languages/,
2023,jetbrains-used-last-12-months,Ruby,4,26348,developers worldwide (weighted),https://www.jetbrains.com/lp/devecosystem-2023/languages/,
2023,jetbrains-used-last-12-months,Visual Basic,4,26348,developers worldwide (weighted),https://www.jetbrains.com/lp/devecosystem-2023/languages/,
2023,jetbrains-used-last-12-months,Other,3,26348,developers worldwide (weighted),https://www.jetbrains.com/lp/devecosystem-2023/languages/,
2023,jetbrains-used-last-12-months,Scala,3,26348,developers worldwide (weighted),https://www.jetbrains.com/lp/devecosystem-2023/languages/,
2023,jetbrains-used-last-12-months,Haskell,2,26348,developers worldwide (weighted),https://www.jetbrains.com/lp/devecosystem-2023/languages/,
2023,jetbrains-used-last-12-months,Objective-C,2,26348,developers worldwide (weighted),https://www.jetbrains.com/lp/devecosystem-2023/languages/,
2023,jetbrains-used-last-12-months,COBOL,1,26348,developers worldwide (weighted),https://www.jetbrains.com/lp/devecosystem-2023/languages/,
2023,jetbrains-used-last-12-months,Clojure / ClojureScript,1,26348,developers worldwide (weighted),https://www.jetbrains.com/lp/devecosystem-2023/languages/,
2023,jetbrains-used-last-12-months,Delphi,1,26348,developers worldwide (weighted),https://www.jetbrains.com/lp/devecosystem-2023/languages/,
2023,jetbrains-used-last-12-months,Elixir,1,26348,developers worldwide (weighted),https://www.jetbrains.com/lp/devecosystem-2023/languages/,
2023,jetbrains-used-last-12-months,F#,1,26348,developers worldwide (weighted),https://www.jetbrains.com/lp/devecosystem-2023/languages/,
2023,jetbrains-used-last-12-months,Julia,1,26348,developers worldwide (weighted),https://www.jetbrains.com/lp/devecosystem-2023/languages/,
2023,jetbrains-used-last-12-months,Perl,1,26348,developers worldwide (weighted),https://www.jetbrains.com/lp/devecosystem-2023/languages/,
2024,jetbrains-planned-adoption,Rust,11,23262,developers worldwide (weighted),https://www.jetbrains.com/lp/devecosystem-2024/,
2024,jetbrains-planned-adoption,Go,10,23262,developers worldwide (weighted),https://www.jetbrains.com/lp/devecosystem-2024/,
2024,jetbrains-planned-adoption,Kotlin,6,23262,developers worldwide (weighted),https://www.jetbrains.com/lp/devecosystem-2024/,
2024,jetbrains-planned-adoption,Python,6,23262,developers worldwide (weighted),https://www.jetbrains.com/lp/devecosystem-2024/,
2024,jetbrains-planned-adoption,TypeScript,5,23262,developers worldwide (weighted),https://www.jetbrains.com/lp/devecosystem-2024/,
2024,jetbrains-planned-adoption,C#,4,23262,developers worldwide (weighted),https://www.jetbrains.com/lp/devecosystem-2024/,
2024,jetbrains-planned-adoption,C++,4,23262,developers worldwide (weighted),https://www.jetbrains.com/lp/devecosystem-2024/,
2024,jetbrains-planned-adoption,Java,4,23262,developers worldwide (weighted),https://www.jetbrains.com/lp/devecosystem-2024/,
2024,jetbrains-planned-adoption,SQL,4,23262,developers worldwide (weighted),https://www.jetbrains.com/lp/devecosystem-2024/,
2024,jetbrains-planned-adoption,Swift,4,23262,developers worldwide (weighted),https://www.jetbrains.com/lp/devecosystem-2024/,
2024,jetbrains-planned-adoption,JavaScript,3,23262,developers worldwide (weighted),https://www.jetbrains.com/lp/devecosystem-2024/,
2024,jetbrains-planned-adoption,C,2,23262,developers worldwide (weighted),https://www.jetbrains.com/lp/devecosystem-2024/,
2024,jetbrains-planned-adoption,Dart,2,23262,developers worldwide (weighted),https://www.jetbrains.com/lp/devecosystem-2024/,
2024,jetbrains-planned-adoption,Other,2,23262,developers worldwide (weighted),https://www.jetbrains.com/lp/devecosystem-2024/,
2024,jetbrains-planned-adoption,Ruby,2,23262,developers worldwide (weighted),https://www.jetbrains.com/lp/devecosystem-2024/,
2024,jetbrains-planned-adoption,Shell scripting,2,23262,developers worldwide (weighted),https://www.jetbrains.com/lp/devecosystem-2024/,
2024,jetbrains-planned-adoption,Assembly,1,23262,developers worldwide (weighted),https://www.jetbrains.com/lp/devecosystem-2024/,
2024,jetbrains-planned-adoption,Elixir,1,23262,developers worldwide (weighted),https://www.jetbrains.com/lp/devecosystem-2024/,
2024,jetbrains-planned-adoption,HTML / CSS,1,23262,developers worldwide (weighted),https://www.jetbrains.com/lp/devecosystem-2024/,
2024,jetbrains-planned-adoption,Haskell,1,23262,developers worldwide (weighted),https://www.jetbrains.com/lp/devecosystem-2024/,
2024,jetbrains-planned-adoption,Julia,1,23262,developers worldwide (weighted),https://www.jetbrains.com/lp/devecosystem-2024/,
2024,jetbrains-planned-adoption,Lua,1,23262,developers worldwide (weighted),https://www.jetbrains.com/lp/devecosystem-2024/,
2024,jetbrains-planned-adoption,MATLAB,1,23262,developers worldwide (weighted),https://www.jetbrains.com/lp/devecosystem-2024/,
2024,jetbrains-planned-adoption,Objective-C,1,23262,developers worldwide (weighted),https://www.jetbrains.com/lp/devecosystem-2024/,
2024,jetbrains-planned-adoption,PHP,1,23262,developers worldwide (weighted),https://www.jetbrains.com/lp/devecosystem-2024/,
2024,jetbrains-planned-adoption,R,1,23262,developers worldwide (weighted),https://www.jetbrains.com/lp/devecosystem-2024/,
2024,jetbrains-planned-adoption,Scala,1,23262,developers worldwide (weighted),https://www.jetbrains.com/lp/devecosystem-2024/,
2024,jetbrains-planned-adoption,Visual Basic,0,23262,developers worldwide (weighted),https://www.jetbrains.com/lp/devecosystem-2024/,
2024,jetbrains-primary-language,Python,35,23262,developers worldwide (weighted),https://www.jetbrains.com/lp/devecosystem-2024/,
2024,jetbrains-primary-language,Java,30,23262,developers worldwide (weighted),https://www.jetbrains.com/lp/devecosystem-2024/,
2024,jetbrains-primary-language,JavaScript,28,23262,developers worldwide (weighted),https://www.jetbrains.com/lp/devecosystem-2024/,
2024,jetbrains-primary-language,TypeScript,19,23262,developers worldwide (weighted),https://www.jetbrains.com/lp/devecosystem-2024/,
2024,jetbrains-primary-language,HTML / CSS,17,23262,developers worldwide (weighted),https://www.jetbrains.com/lp/devecosystem-2024/,
2024,jetbrains-primary-language,SQL,17,23262,developers worldwide (weighted),https://www.jetbrains.com/lp/devecosystem-2024/,
2024,jetbrains-primary-language,C#,13,23262,developers worldwide (weighted),https://www.jetbrains.com/lp/devecosystem-2024/,
2024,jetbrains-primary-language,C++,13,23262,developers worldwide (weighted),https://www.jetbrains.com/lp/devecosystem-2024/,
2024,jetbrains-primary-language,PHP,9,23262,developers worldwide (weighted),https://www.jetbrains.com/lp/devecosystem-2024/,
2024,jetbrains-primary-language,Go,8,23262,developers worldwide (weighted),https://www.jetbrains.com/lp/devecosystem-2024/,
2024,jetbrains-primary-language,Kotlin,7,23262,developers worldwide (weighted),https://www.jetbrains.com/lp/devecosystem-2024/,
2024,jetbrains-primary-language,Shell scripting,7,23262,developers worldwide (weighted),https://www.jetbrains.com/lp/devecosystem-2024/,
2024,jetbrains-primary-language,C,5,23262,developers worldwide (weighted),https://www.jetbrains.com/lp/devecosystem-2024/,
2024,jetbrains-primary-language,Rust,4,23262,developers worldwide (weighted),https://www.jetbrains.com/lp/devecosystem-2024/,
2024,jetbrains-primary-language,Dart,3,23262,developers worldwide (weighted),https://www.jetbrains.com/lp/devecosystem-2024/,
2024,jetbrains-primary-language,Swift,2,23262,developers worldwide (weighted),https://www.jetbrains.com/lp/devecosystem-2024/,
2024,jetbrains-primary-language,MATLAB,1,23262,developers worldwide (weighted),https://www.jetbrains.com/lp/devecosystem-2024/,
2024,jetbrains-primary-language,Other,1,23262,developers worldwide (weighted),https://www.jetbrains.com/lp/devecosystem-2024/,
2024,jetbrains-primary-language,R,1,23262,developers worldwide (weighted),https://www.jetbrains.com/lp/devecosystem-2024/,
2024,jetbrains-primary-language,Ruby,1,23262,developers worldwide (weighted),https://www.jetbrains.com/lp/devecosystem-2024/,
2024,jetbrains-primary-language,Scala,1,23262,developers worldwide (weighted),https://www.jetbrains.com/lp/devecosystem-2024/,
2024,jetbrains-primary-language,Visual Basic,1,23262,developers worldwide (weighted),https://www.jetbrains.com/lp/devecosystem-2024/,
2024,jetbrains-primary-language,Assembly,0,23262,developers worldwide (weighted),https://www.jetbrains.com/lp/devecosystem-2024/,
2024,jetbrains-primary-language,Elixir,0,23262,developers worldwide (weighted),https://www.jetbrains.com/lp/devecosystem-2024/,
2024,jetbrains-primary-language,Haskell,0,23262,developers worldwide (weighted),https://www.jetbrains.com/lp/devecosystem-2024/,
2024,jetbrains-primary-language,Julia,0,23262,developers worldwide (weighted),https://www.jetbrains.com/lp/devecosystem-2024/,
2024,jetbrains-primary-language,Lua,0,23262,developers worldwide (weighted),https://www.jetbrains.com/lp/devecosystem-2024/,
2024,jetbrains-primary-language,Objective-C,0,23262,developers worldwide (weighted),https://www.jetbrains.com/lp/devecosystem-2024/,
2024,jetbrains-used-last-12-months,JavaScript,61,23262,developers worldwide (weighted),https://www.jetbrains.com/lp/devecosystem-2024/,
2024,jetbrains-used-last-12-months,Python,57,23262,developers worldwide (weighted),https://www.jetbrains.com/lp/devecosystem-2024/,
2024,jetbrains-used-last-12-months,HTML / CSS,51,23262,developers worldwide (weighted),https://www.jetbrains.com/lp/devecosystem-2024/,
2024,jetbrains-used-last-12-months,SQL,48,23262,developers worldwide (weighted),https://www.jetbrains.com/lp/devecosystem-2024/,
2024,jetbrains-used-last-12-months,Java,46,23262,developers worldwide (weighted),https://www.jetbrains.com/lp/devecosystem-2024/,
2024,jetbrains-used-last-12-months,TypeScript,37,23262,developers worldwide (weighted),https://www.jetbrains.com/lp/devecosystem-2024/,
2024,jetbrains-used-last-12-months,Shell,36,23262,developers worldwide (weighted),https://www.jetbrains.com/lp/devecosystem-2024/,
2024,jetbrains-used-last-12-months,C++,25,23262,developers worldwide (weighted),https://www.jetbrains.com/lp/devecosystem-2024/,
2024,jetbrains-used-last-12-months,C#,22,23262,developers worldwide (weighted),https://www.jetbrains.com/lp/devecosystem-2024/,
2024,jetbrains-used-last-12-months,C,18,23262,developers worldwide (weighted),https://www.jetbrains.com/lp/devecosystem-2024/,
2024,jetbrains-used-last-12-months,Go,18,23262,developers worldwide (weighted),https://www.jetbrains.com/lp/devecosystem-2024/,
2024,jetbrains-used-last-12-months,PHP,17,23262,developers worldwide (weighted),https://www.jetbrains.com/lp/devecosystem-2024/,
2024,jetbrains-used-last-12-months,Kotlin,14,23262,developers worldwide (weighted),https://www.jetbrains.com/lp/devecosystem-2024/,
2024,jetbrains-used-last-12-months,Rust,11,23262,developers worldwide (weighted),https://www.jetbrains.com/lp/devecosystem-2024/,
2024,jetbrains-used-last-12-months,Dart,8,23262,developers worldwide (weighted),https://www.jetbrains.com/lp/devecosystem-2024/,
2024,jetbrains-used-last-12-months,Swift,6,23262,developers worldwide (weighted),https://www.jetbrains.com/lp/devecosystem-2024/,
2024,jetbrains-used-last-12-months,Lua,5,23262,developers worldwide (weighted),https://www.jetbrains.com/lp/devecosystem-2024/,
2024,jetbrains-used-last-12-months,Ruby,4,23262,developers worldwide (weighted),https://www.jetbrains.com/lp/devecosystem-2024/,
2024,jetbrains-used-last-12-months,Scala,3,23262,developers worldwide (weighted),https://www.jetbrains.com/lp/devecosystem-2024/,
2024,jetbrains-used-last-12-months,Objective-C,2,23262,developers worldwide (weighted),https://www.jetbrains.com/lp/devecosystem-2024/,
2025,jetbrains-planned-adoption,Go,11,24534,developers worldwide (weighted),https://devecosystem-2025.jetbrains.com/tools-and-trends,
2025,jetbrains-planned-adoption,Rust,10,24534,developers worldwide (weighted),https://devecosystem-2025.jetbrains.com/tools-and-trends,
2025,jetbrains-planned-adoption,Python,7,24534,developers worldwide (weighted),https://devecosystem-2025.jetbrains.com/tools-and-trends,
2025,jetbrains-planned-adoption,Kotlin,6,24534,developers worldwide (weighted),https://devecosystem-2025.jetbrains.com/tools-and-trends,
2025,jetbrains-planned-adoption,TypeScript,5,24534,developers worldwide (weighted),https://devecosystem-2025.jetbrains.com/tools-and-trends,
2025,jetbrains-planned-adoption,C++,4,24534,developers worldwide (weighted),https://devecosystem-2025.jetbrains.com/tools-and-trends,
2025,jetbrains-planned-adoption,Java,4,24534,developers worldwide (weighted),https://devecosystem-2025.jetbrains.com/tools-and-trends,
2025,jetbrains-planned-adoption,Swift,4,24534,developers worldwide (weighted),https://devecosystem-2025.jetbrains.com/tools-and-trends,
2025,jetbrains-planned-adoption,C#,3,24534,developers worldwide (weighted),https://devecosystem-2025.jetbrains.com/tools-and-trends,
2025,jetbrains-planned-adoption,JavaScript,3,24534,developers worldwide (weighted),https://devecosystem-2025.jetbrains.com/tools-and-trends,
2025,jetbrains-planned-adoption,C,2,24534,developers worldwide (weighted),https://devecosystem-2025.jetbrains.com/tools-and-trends,
2025,jetbrains-planned-adoption,Dart,2,24534,developers worldwide (weighted),https://devecosystem-2025.jetbrains.com/tools-and-trends,
2025,jetbrains-planned-adoption,Other,2,24534,developers worldwide (weighted),https://devecosystem-2025.jetbrains.com/tools-and-trends,
2025,jetbrains-planned-adoption,Ruby,2,24534,developers worldwide (weighted),https://devecosystem-2025.jetbrains.com/tools-and-trends,
2025,jetbrains-planned-adoption,SQL,2,24534,developers worldwide (weighted),https://devecosystem-2025.jetbrains.com/tools-and-trends,
2025,jetbrains-planned-adoption,Assembly,1,24534,developers worldwide (weighted),https://devecosystem-2025.jetbrains.com/tools-and-trends,
2025,jetbrains-planned-adoption,Elixir,1,24534,developers worldwide (weighted),https://devecosystem-2025.jetbrains.com/tools-and-trends,
2025,jetbrains-planned-adoption,HTML / CSS,1,24534,developers worldwide (weighted),https://devecosystem-2025.jetbrains.com/tools-and-trends,
2025,jetbrains-planned-adoption,Haskell,1,24534,developers worldwide (weighted),https://devecosystem-2025.jetbrains.com/tools-and-trends,
2025,jetbrains-planned-adoption,Julia,1,24534,developers worldwide (weighted),https://devecosystem-2025.jetbrains.com/tools-and-trends,
2025,jetbrains-planned-adoption,Lua,1,24534,developers worldwide (weighted),https://devecosystem-2025.jetbrains.com/tools-and-trends,
2025,jetbrains-planned-adoption,MATLAB,1,24534,developers worldwide (weighted),https://devecosystem-2025.jetbrains.com/tools-and-trends,
2025,jetbrains-planned-adoption,PHP,1,24534,developers worldwide (weighted),https://devecosystem-2025.jetbrains.com/tools-and-trends,
2025,jetbrains-planned-adoption,R,1,24534,developers worldwide (weighted),https://devecosystem-2025.jetbrains.com/tools-and-trends,
2025,jetbrains-planned-adoption,Scala,1,24534,developers worldwide (weighted),https://devecosystem-2025.jetbrains.com/tools-and-trends,
2025,jetbrains-planned-adoption,Shell scripting,1,24534,developers worldwide (weighted),https://devecosystem-2025.jetbrains.com/tools-and-trends,
2025,jetbrains-planned-adoption,Groovy,0,24534,developers worldwide (weighted),https://devecosystem-2025.jetbrains.com/tools-and-trends,
2025,jetbrains-planned-adoption,Visual Basic,0,24534,developers worldwide (weighted),https://devecosystem-2025.jetbrains.com/tools-and-trends,
2025,jetbrains-primary-language,Python,35,24534,developers worldwide (weighted),https://devecosystem-2025.jetbrains.com/tools-and-trends,
2025,jetbrains-primary-language,Java,33,24534,developers worldwide (weighted),https://devecosystem-2025.jetbrains.com/tools-and-trends,
2025,jetbrains-primary-language,JavaScript,26,24534,developers worldwide (weighted),https://devecosystem-2025.jetbrains.com/tools-and-trends,
2025,jetbrains-primary-language,TypeScript,22,24534,developers worldwide (weighted),https://devecosystem-2025.jetbrains.com/tools-and-trends,
2025,jetbrains-primary-language,HTML / CSS,16,24534,developers worldwide (weighted),https://devecosystem-2025.jetbrains.com/tools-and-trends,
2025,jetbrains-primary-language,SQL,16,24534,developers worldwide (weighted),https://devecosystem-2025.jetbrains.com/tools-and-trends,
2025,jetbrains-primary-language,C#,12,24534,developers worldwide (weighted),https://devecosystem-2025.jetbrains.com/tools-and-trends,
2025,jetbrains-primary-language,C++,11,24534,developers worldwide (weighted),https://devecosystem-2025.jetbrains.com/tools-and-trends,
2025,jetbrains-primary-language,PHP,9,24534,developers worldwide (weighted),https://devecosystem-2025.jetbrains.com/tools-and-trends,
2025,jetbrains-primary-language,Go,8,24534,developers worldwide (weighted),https://devecosystem-2025.jetbrains.com/tools-and-trends,
2025,jetbrains-primary-language,Kotlin,8,24534,developers worldwide (weighted),https://devecosystem-2025.jetbrains.com/tools-and-trends,
2025,jetbrains-primary-language,Shell scripting,6,24534,developers worldwide (weighted),https://devecosystem-2025.jetbrains.com/tools-and-trends,
2025,jetbrains-primary-language,C,5,24534,developers worldwide (weighted),https://devecosystem-2025.jetbrains.com/tools-and-trends,
2025,jetbrains-primary-language,Rust,4,24534,developers worldwide (weighted),https://devecosystem-2025.jetbrains.com/tools-and-trends,
2025,jetbrains-primary-language,Dart,3,24534,developers worldwide (weighted),https://devecosystem-2025.jetbrains.com/tools-and-trends,
2025,jetbrains-primary-language,Ruby,2,24534,developers worldwide (weighted),https://devecosystem-2025.jetbrains.com/tools-and-trends,
2025,jetbrains-primary-language,Scala,2,24534,developers worldwide (weighted),https://devecosystem-2025.jetbrains.com/tools-and-trends,
2025,jetbrains-primary-language,Swift,2,24534,developers worldwide (weighted),https://devecosystem-2025.jetbrains.com/tools-and-trends,
2025,jetbrains-primary-language,Assembly,1,24534,developers worldwide (weighted),https://devecosystem-2025.jetbrains.com/tools-and-trends,
2025,jetbrains-primary-language,Groovy,1,24534,developers worldwide (weighted),https://devecosystem-2025.jetbrains.com/tools-and-trends,
2025,jetbrains-primary-language,MATLAB,1,24534,developers worldwide (weighted),https://devecosystem-2025.jetbrains.com/tools-and-trends,
2025,jetbrains-primary-language,Other,1,24534,developers worldwide (weighted),https://devecosystem-2025.jetbrains.com/tools-and-trends,
2025,jetbrains-primary-language,R,1,24534,developers worldwide (weighted),https://devecosystem-2025.jetbrains.com/tools-and-trends,
2025,jetbrains-primary-language,Visual Basic,1,24534,developers worldwide (weighted),https://devecosystem-2025.jetbrains.com/tools-and-trends,
2025,jetbrains-primary-language,Elixir,0,24534,developers worldwide (weighted),https://devecosystem-2025.jetbrains.com/tools-and-trends,
2025,jetbrains-primary-language,Haskell,0,24534,developers worldwide (weighted),https://devecosystem-2025.jetbrains.com/tools-and-trends,
2025,jetbrains-primary-language,Julia,0,24534,developers worldwide (weighted),https://devecosystem-2025.jetbrains.com/tools-and-trends,
2025,jetbrains-primary-language,Lua,0,24534,developers worldwide (weighted),https://devecosystem-2025.jetbrains.com/tools-and-trends,
2025,jetbrains-used-last-12-months,JavaScript,61,24534,developers worldwide (weighted),https://devecosystem-2025.jetbrains.com/tools-and-trends,
2025,jetbrains-used-last-12-months,Python,57,24534,developers worldwide (weighted),https://devecosystem-2025.jetbrains.com/tools-and-trends,
2025,jetbrains-used-last-12-months,HTML / CSS,52,24534,developers worldwide (weighted),https://devecosystem-2025.jetbrains.com/tools-and-trends,
2025,jetbrains-used-last-12-months,Java,49,24534,developers worldwide (weighted),https://devecosystem-2025.jetbrains.com/tools-and-trends,
2025,jetbrains-used-last-12-months,SQL,47,24534,developers worldwide (weighted),https://devecosystem-2025.jetbrains.com/tools-and-trends,
2025,jetbrains-used-last-12-months,TypeScript,42,24534,developers worldwide (weighted),https://devecosystem-2025.jetbrains.com/tools-and-trends,
2025,jetbrains-used-last-12-months,Shell,36,24534,developers worldwide (weighted),https://devecosystem-2025.jetbrains.com/tools-and-trends,
2025,jetbrains-used-last-12-months,C++,25,24534,developers worldwide (weighted),https://devecosystem-2025.jetbrains.com/tools-and-trends,
2025,jetbrains-used-last-12-months,C#,21,24534,developers worldwide (weighted),https://devecosystem-2025.jetbrains.com/tools-and-trends,
2025,jetbrains-used-last-12-months,Go,20,24534,developers worldwide (weighted),https://devecosystem-2025.jetbrains.com/tools-and-trends,
2025,jetbrains-used-last-12-months,C,18,24534,developers worldwide (weighted),https://devecosystem-2025.jetbrains.com/tools-and-trends,
2025,jetbrains-used-last-12-months,Kotlin,18,24534,developers worldwide (weighted),https://devecosystem-2025.jetbrains.com/tools-and-trends,
2025,jetbrains-used-last-12-months,PHP,17,24534,developers worldwide (weighted),https://devecosystem-2025.jetbrains.com/tools-and-trends,
2025,jetbrains-used-last-12-months,Rust,12,24534,developers worldwide (weighted),https://devecosystem-2025.jetbrains.com/tools-and-trends,
2025,jetbrains-used-last-12-months,Dart,8,24534,developers worldwide (weighted),https://devecosystem-2025.jetbrains.com/tools-and-trends,
2025,jetbrains-used-last-12-months,Swift,8,24534,developers worldwide (weighted),https://devecosystem-2025.jetbrains.com/tools-and-trends,
2025,jetbrains-used-last-12-months,Lua,4,24534,developers worldwide (weighted),https://devecosystem-2025.jetbrains.com/tools-and-trends,
2025,jetbrains-used-last-12-months,Ruby,4,24534,developers worldwide (weighted),https://devecosystem-2025.jetbrains.com/tools-and-trends,
2025,jetbrains-used-last-12-months,Scala,4,24534,developers worldwide (weighted),https://devecosystem-2025.jetbrains.com/tools-and-trends,
2025,jetbrains-used-last-12-months,Objective-C,2,24534,developers worldwide (weighted),https://devecosystem-2025.jetbrains.com/tools-and-trends,
