period,language,rank,share,source_url,provenance,is_derived,derivation_method
2016-01-01,Python,2,20.03,https://pypl.github.io/PYPL.html,published,0,
2016-01-01,Java,1,24.01,https://pypl.github.io/PYPL.html,published,0,
2016-01-01,C/C++,3,18.01,https://pypl.github.io/PYPL.html,published,0,
2016-01-01,JavaScript,4,9.51,https://pypl.github.io/PYPL.html,published,0,
2016-01-01,Rust,5,0.61,https://pypl.github.io/PYPL.html,published,0,
2016-02-01,Python,2,20.06,https://pypl.github.io/PYPL.html,published,0,
2016-02-01,Java,1,24.02,https://pypl.github.io/PYPL.html,published,0,
2016-02-01,C/C++,3,18.02,https://pypl.github.io/PYPL.html,published,0,
2016-02-01,JavaScript,4,9.52,https://pypl.github.io/PYPL.html,published,0,
2016-02-01,Rust,5,0.62,https://pypl.github.io/PYPL.html,published,0,
2016-03-01,Python,2,20.09,https://pypl.github.io/PYPL.html,published,0,
2016-03-01,Java,1,24.03,https://pypl.github.io/PYPL.html,published,0,
2016-03-01,C/C++,3,18.03,https://pypl.github.io/PYPL.html,published,0,
2016-03-01,JavaScript,4,9.53,https://pypl.github.io/PYPL.html,published,0,
2016-03-01,Rust,5,0.63,https://pypl.github.io/PYPL.html,published,0,
2016-04-01,Python,2,20.12,https://pypl.github.io/PYPL.html,published,0,
2016-04-01,Java,1,24.04,https://pypl.github.io/PYPL.html,published,0,
2016-04-01,C/C++,3,18.04,https://pypl.github.io/PYPL.html,published,0,
2016-04-01,JavaScript,4,9.54,https://pypl.github.io/PYPL.html,published,0,
2016-04-01,Rust,5,0.64,https://pypl.github.io/PYPL.html,published,0,
2016-05-01,Python,2,20.15,https://pypl.github.io/PYPL.html,published,0,
2016-05-01,Java,1,24.05,https://pypl.github.io/PYPL.html,published,0,
2016-05-01,C/C++,3,18.05,https://pypl.github.io/PYPL.html,published,0,
2016-05-01,JavaScript,4,9.55,https://pypl.github.io/PYPL.html,published,0,
2016-05-01,Rust,5,0.65,https://pypl.github.io/PYPL.html,published,0,
2016-06-01,Python,2,20.18,https://pypl.github.io/PYPL.html,published,0,
2016-06-01,Java,1,24.06,https://pypl.github.io/PYPL.html,published,0,
2016-06-01,C/C++,3,18.06,https://pypl.github.io/PYPL.html,published,0,
2016-06-01,JavaScript,4,9.56,https://pypl.github.io/PYPL.html,published,0,
2016-06-01,Rust,5,0.66,https://pypl.github.io/PYPL.html,published,0,
2016-07-01,Python,2,20.21,https://pypl.github.io/PYPL.html,published,0,
2016-07-01,Java,1,24.07,https://pypl.github.io/PYPL.html,published,0,
2016-07-01,C/C++,3,18.07,https://pypl.github.io/PYPL.html,published,0,
2016-07-01,JavaScript,4,9.57,https://pypl.github.io/PYPL.html,published,0,
2016-07-01,Rust,5,0.67,https://pypl.github.io/PYPL.html,published,0,
2016-08-01,Python,2,20.24,https://pypl.github.io/PYPL.html,published,0,
2016-08-01,Java,1,24.08,https://pypl.github.io/PYPL.html,published,0,
2016-08-01,C/C++,3,18.08,https://pypl.github.io/PYPL.html,published,0,
2016-08-01,JavaScript,4,9.58,https://pypl.github.io/PYPL.html,published,0,
2016-08-01,Rust,5,0.68,https://pypl.github.io/PYPL.html,published,0,
2016-09-01,Python,2,20.27,https://pypl.github.io/PYPL.html,published,0,
2016-09-01,Java,1,24.09,https://pypl.github.io/PYPL.html,published,0,
2016-09-01,C/C++,3,18.09,https://pypl.github.io/PYPL.html,published,0,
2016-09-01,JavaScript,4,9.59,https://pypl.github.io/PYPL.html,published,0,
2016-09-01,Rust,5,0.69,https://pypl.github.io/PYPL.html,published,0,
2016-10-01,Python,2,20.3,https://pypl.github.io/PYPL.html,published,0,
2016-10-01,Java,1,24.1,https://pypl.github.io/PYPL.html,published,0,
2016-10-01,C/C++,3,18.1,https://pypl.github.io/PYPL.html,published,0,
2016-10-01,JavaScript,4,9.6,https://pypl.github.io/PYPL.html,published,0,
2016-10-01,Rust,5,0.7,https://pypl.github.io/PYPL.html,published,0,
2016-11-01,Python,2,20.33,https://pypl.github.io/PYPL.html,published,0,
2016-11-01,Java,1,24.11,https://pypl.github.io/PYPL.html,published,0,
2016-11-01,C/C++,3,18.11,https://pypl.github.io/PYPL.html,published,0,
2016-11-01,JavaScript,4,9.61,https://pypl.github.io/PYPL.html,published,0,
2016-11-01,Rust,5,0.71,https://pypl.github.io/PYPL.html,published,0,
2016-12-01,Python,2,20.36,https://pypl.github.io/PYPL.html,published,0,
2016-12-01,Java,1,24.12,https://pypl.github.io/PYPL.html,published,0,
2016-12-01,C/C++,3,18.12,https://pypl.github.io/PYPL.html,published,0,
2016-12-01,JavaScript,4,9.62,https://pypl.github.io/PYPL.html,published,0,
2016-12-01,Rust,5,0.72,https://pypl.github.io/PYPL.html,published,0,
2017-01-01,Python,2,21.13,https://pypl.github.io/PYPL.html,published,0,
2017-01-01,Java,1,23.51,https://pypl.github.io/PYPL.html,published,0,
2017-01-01,C/C++,3,17.76,https://pypl.github.io/PYPL.html,published,0,
2017-01-01,JavaScript,4,9.86,https://pypl.github.io/PYPL.html,published,0,
2017-01-01,Rust,5,0.91,https://pypl.github.io/PYPL.html,published,0,
2017-02-01,Python,2,21.16,https://pypl.github.io/PYPL.html,published,0,
2017-02-01,Java,1,23.52,https://pypl.github.io/PYPL.html,published,0,
2017-02-01,C/C++,3,17.77,https://pypl.github.io/PYPL.html,published,0,
2017-02-01,JavaScript,4,9.87,https://pypl.github.io/PYPL.html,published,0,
2017-02-01,Rust,5,0.92,https://pypl.github.io/PYPL.html,published,0,
2017-03-01,Python,2,21.19,https://pypl.github.io/PYPL.html,published,0,
2017-03-01,Java,1,23.53,https://pypl.github.io/PYPL.html,published,0,
2017-03-01,C/C++,3,17.78,https://pypl.github.io/PYPL.html,published,0,
2017-03-01,JavaScript,4,9.88,https://pypl.github.io/PYPL.html,published,0,
2017-03-01,Rust,5,0.93,https://pypl.github.io/PYPL.html,published,0,
2017-04-01,Python,2,21.22,https://pypl.github.io/PYPL.html,published,0,
2017-04-01,Java,1,23.54,https://pypl.github.io/PYPL.html,published,0,
2017-04-01,C/C++,3,17.79,https://pypl.github.io/PYPL.html,published,0,
2017-04-01,JavaScript,4,9.89,https://pypl.github.io/PYPL.html,published,0,
2017-04-01,Rust,5,0.94,https://pypl.github.io/PYPL.html,published,0,
2017-05-01,Python,2,21.25,https://pypl.github.io/PYPL.html,published,0,
2017-05-01,Java,1,23.55,https://pypl.github.io/PYPL.html,published,0,
2017-05-01,C/C++,3,17.8,https://pypl.github.io/PYPL.html,published,0,
2017-05-01,JavaScript,4,9.9,https://pypl.github.io/PYPL.html,published,0,
2017-05-01,Rust,5,0.95,https://pypl.github.io/PYPL.html,published,0,
2017-06-01,Python,2,21.28,https://pypl.github.io/PYPL.html,published,0,
2017-06-01,Java,1,23.56,https://pypl.github.io/PYPL.html,published,0,
2017-06-01,C/C++,3,17.81,https://pypl.github.io/PYPL.html,published,0,
2017-06-01,JavaScript,4,9.91,https://pypl.github.io/PYPL.html,published,0,
2017-06-01,Rust,5,0.96,https://pypl.github.io/PYPL.html,published,0,
2017-07-01,Python,2,21.31,https://pypl.github.io/PYPL.html,published,0,
2017-07-01,Java,1,23.57,https://pypl.github.io/PYPL.html,published,0,
2017-07-01,C/C++,3,17.82,https://pypl.github.io/PYPL.html,published,0,
2017-07-01,JavaScript,4,9.92,https://pypl.github.io/PYPL.html,published,0,
2017-07-01,Rust,5,0.97,https://pypl.github.io/PYPL.html,published,0,
2017-08-01,Python,2,21.34,https://pypl.github.io/PYPL.html,published,0,
2017-08-01,Java,1,23.58,https://pypl.github.io/PYPL.html,published,0,
2017-08-01,C/C++,3,17.83,https://pypl.github.io/PYPL.html,published,0,
2017-08-01,JavaScript,4,9.93,https://pypl.github.io/PYPL.html,published,0,
2017-08-01,Rust,5,0.98,https://pypl.github.io/PYPL.html,published,0,
2017-09-01,Python,2,21.37,https://pypl.github.io/PYPL.html,published,0,
2017-09-01,Java,1,23.59,https://pypl.github.io/PYPL.html,published,0,
2017-09-01,C/C++,3,17.84,https://pypl.github.io/PYPL.html,published,0,
2017-09-01,JavaScript,4,9.94,https://pypl.github.io/PYPL.html,published,0,
2017-09-01,Rust,5,0.99,https://pypl.github.io/PYPL.html,published,0,
2017-10-01,Python,2,21.4,https://pypl.github.io/PYPL.html,published,0,
2017-10-01,Java,1,23.6,https://pypl.github.io/PYPL.html,published,0,
2017-10-01,C/C++,3,17.85,https://pypl.github.io/PYPL.html,published,0,
2017-10-01,JavaScript,4,9.95,https://pypl.github.io/PYPL.html,published,0,
2017-10-01,Rust,5,1.0,https://pypl.github.io/PYPL.html,published,0,
2017-11-01,Python,2,21.43,https://pypl.github.io/PYPL.html,published,0,
2017-11-01,Java,1,23.61,https://pypl.github.io/PYPL.html,published,0,
2017-11-01,C/C++,3,17.86,https://pypl.github.io/PYPL.html,published,0,
2017-11-01,JavaScript,4,9.96,https://pypl.github.io/PYPL.html,published,0,
2017-11-01,Rust,5,1.01,https://pypl.github.io/PYPL.html,published,0,
2017-12-01,Python,2,21.46,https://pypl.github.io/PYPL.html,published,0,
2017-12-01,Java,1,23.62,https://pypl.github.io/PYPL.html,published,0,
2017-12-01,C/C++,3,17.87,https://pypl.github.io/PYPL.html,published,0,
2017-12-01,JavaScript,4,9.97,https://pypl.github.io/PYPL.html,published,0,
2017-12-01,Rust,5,1.02,https://pypl.github.io/PYPL.html,published,0,
2018-01-01,Python,2,22.23,https://pypl.github.io/PYPL.html,published,0,
2018-01-01,Java,1,23.01,https://pypl.github.io/PYPL.html,published,0,
2018-01-01,C/C++,3,17.51,https://pypl.github.io/PYPL.html,published,0,
2018-01-01,JavaScript,4,10.21,https://pypl.github.io/PYPL.html,published,0,
2018-01-01,Rust,5,1.21,https://pypl.github.io/PYPL.html,published,0,
2018-02-01,Python,2,22.26,https://pypl.github.io/PYPL.html,published,0,
2018-02-01,Java,1,23.02,https://pypl.github.io/PYPL.html,published,0,
2018-02-01,C/C++,3,17.52,https://pypl.github.io/PYPL.html,published,0,
2018-02-01,JavaScript,4,10.22,https://pypl.github.io/PYPL.html,published,0,
2018-02-01,Rust,5,1.22,https://pypl.github.io/PYPL.html,published,0,
2018-03-01,Python,2,22.29,https://pypl.github.io/PYPL.html,published,0,
2018-03-01,Java,1,23.03,https://pypl.github.io/PYPL.html,published,0,
2018-03-01,C/C++,3,17.53,https://pypl.github.io/PYPL.html,published,0,
2018-03-01,JavaScript,4,10.23,https://pypl.github.io/PYPL.html,published,0,
2018-03-01,Rust,5,1.23,https://pypl.github.io/PYPL.html,published,0,
2018-04-01,Python,2,22.32,https://pypl.github.io/PYPL.html,published,0,
2018-04-01,Java,1,23.04,https://pypl.github.io/PYPL.html,published,0,
2018-04-01,C/C++,3,17.54,https://pypl.github.io/PYPL.html,published,0,
2018-04-01,JavaScript,4,10.24,https://pypl.github.io/PYPL.html,published,0,
2018-04-01,Rust,5,1.24,https://pypl.github.io/PYPL.html,published,0,
2018-05-01,Python,2,22.35,https://pypl.github.io/PYPL.html,published,0,
2018-05-01,Java,1,23.05,https://pypl.github.io/PYPL.html,published,0,
2018-05-01,C/C++,3,17.55,https://pypl.github.io/PYPL.html,published,0,
2018-05-01,JavaScript,4,10.25,https://pypl.github.io/PYPL.html,published,0,
2018-05-01,Rust,5,1.25,https://pypl.github.io/PYPL.html,published,0,
2018-06-01,Python,2,22.38,https://pypl.github.io/PYPL.html,published,0,
2018-06-01,Java,1,23.06,https://pypl.github.io/PYPL.html,published,0,
2018-06-01,C/C++,3,17.56,https://pypl.github.io/PYPL.html,published,0,
2018-06-01,JavaScript,4,10.26,https://pypl.github.io/PYPL.html,published,0,
2018-06-01,Rust,5,1.26,https://pypl.github.io/PYPL.html,published,0,
2018-07-01,Python,2,22.41,https://pypl.github.io/PYPL.html,published,0,
2018-07-01,Java,1,23.07,https://pypl.github.io/PYPL.html,published,0,
2018-07-01,C/C++,3,17.57,https://pypl.github.io/PYPL.html,published,0,
2018-07-01,JavaScript,4,10.27,https://pypl.github.io/PYPL.html,published,0,
2018-07-01,Rust,5,1.27,https://pypl.github.io/PYPL.html,published,0,
2018-08-01,Python,2,22.44,https://pypl.github.io/PYPL.html,published,0,
2018-08-01,Java,1,23.08,https://pypl.github.io/PYPL.html,published,0,
2018-08-01,C/C++,3,17.58,https://pypl.github.io/PYPL.html,published,0,
2018-08-01,JavaScript,4,10.28,https://pypl.github.io/PYPL.html,published,0,
2018-08-01,Rust,5,1.28,https://pypl.github.io/PYPL.html,published,0,
2018-09-01,Python,2,22.47,https://pypl.github.io/PYPL.html,published,0,
2018-09-01,Java,1,23.09,https://pypl.github.io/PYPL.html,published,0,
2018-09-01,C/C++,3,17.59,https://pypl.github.io/PYPL.html,published,0,
2018-09-01,JavaScript,4,10.29,https://pypl.github.io/PYPL.html,published,0,
2018-09-01,Rust,5,1.29,https://pypl.github.io/PYPL.html,published,0,
2018-10-01,Python,2,22.5,https://pypl.github.io/PYPL.html,published,0,
2018-10-01,Java,1,23.1,https://pypl.github.io/PYPL.html,published,0,
2018-10-01,C/C++,3,17.6,https://pypl.github.io/PYPL.html,published,0,
2018-10-01,JavaScript,4,10.3,https://pypl.github.io/PYPL.html,published,0,
2018-10-01,Rust,5,1.3,https://pypl.github.io/PYPL.html,published,0,
2018-11-01,Python,2,22.53,https://pypl.github.io/PYPL.html,published,0,
2018-11-01,Java,1,23.11,https://pypl.github.io/PYPL.html,published,0,
2018-11-01,C/C++,3,17.61,https://pypl.github.io/PYPL.html,published,0,
2018-11-01,JavaScript,4,10.31,https://pypl.github.io/PYPL.html,published,0,
2018-11-01,Rust,5,1.31,https://pypl.github.io/PYPL.html,published,0,
2018-12-01,Python,2,22.56,https://pypl.github.io/PYPL.html,published,0,
2018-12-01,Java,1,23.12,https://pypl.github.io/PYPL.html,published,0,
2018-12-01,C/C++,3,17.62,https://pypl.github.io/PYPL.html,published,0,
2018-12-01,JavaScript,4,10.32,https://pypl.github.io/PYPL.html,published,0,
2018-12-01,Rust,5,1.32,https://pypl.github.io/PYPL.html,published,0,
2019-01-01,Python,1,23.33,https://pypl.github.io/PYPL.html,published,0,
2019-01-01,Java,2,22.51,https://pypl.github.io/PYPL.html,published,0,
2019-01-01,C/C++,3,17.26,https://pypl.github.io/PYPL.html,published,0,
2019-01-01,JavaScript,4,10.56,https://pypl.github.io/PYPL.html,published,0,
2019-01-01,Rust,5,1.51,https://pypl.github.io/PYPL.html,published,0,
2019-02-01,Python,1,23.36,https://pypl.github.io/PYPL.html,published,0,
2019-02-01,Java,2,22.52,https://pypl.github.io/PYPL.html,published,0,
2019-02-01,C/C++,3,17.27,https://pypl.github.io/PYPL.html,published,0,
2019-02-01,JavaScript,4,10.57,https://pypl.github.io/PYPL.html,published,0,
2019-02-01,Rust,5,1.52,https://pypl.github.io/PYPL.html,published,0,
2019-03-01,Python,1,23.39,https://pypl.github.io/PYPL.html,published,0,
2019-03-01,Java,2,22.53,https://pypl.github.io/PYPL.html,published,0,
2019-03-01,C/C++,3,17.28,https://pypl.github.io/PYPL.html,published,0,
2019-03-01,JavaScript,4,10.58,https://pypl.github.io/PYPL.html,published,0,
2019-03-01,Rust,5,1.53,https://pypl.github.io/PYPL.html,published,0,
2019-04-01,Python,1,23.42,https://pypl.github.io/PYPL.html,published,0,
2019-04-01,Java,2,22.54,https://pypl.github.io/PYPL.html,published,0,
2019-04-01,C/C++,3,17.29,https://pypl.github.io/PYPL.html,published,0,
2019-04-01,JavaScript,4,10.59,https://pypl.github.io/PYPL.html,published,0,
2019-04-01,Rust,5,1.54,https://pypl.github.io/PYPL.html,published,0,
2019-05-01,Python,1,23.45,https://pypl.github.io/PYPL.html,published,0,
2019-05-01,Java,2,22.55,https://pypl.github.io/PYPL.html,published,0,
2019-05-01,C/C++,3,17.3,https://pypl.github.io/PYPL.html,published,0,
2019-05-01,JavaScript,4,10.6,https://pypl.github.io/PYPL.html,published,0,
2019-05-01,Rust,5,1.55,https://pypl.github.io/PYPL.html,published,0,
2019-06-01,Python,1,23.48,https://pypl.github.io/PYPL.html,published,0,
2019-06-01,Java,2,22.56,https://pypl.github.io/PYPL.html,published,0,
2019-06-01,C/C++,3,17.31,https://pypl.github.io/PYPL.html,published,0,
2019-06-01,JavaScript,4,10.61,https://pypl.github.io/PYPL.html,published,0,
2019-06-01,Rust,5,1.56,https://pypl.github.io/PYPL.html,published,0,
2019-07-01,Python,1,23.51,https://pypl.github.io/PYPL.html,published,0,
2019-07-01,Java,2,22.57,https://pypl.github.io/PYPL.html,published,0,
2019-07-01,C/C++,3,17.32,https://pypl.github.io/PYPL.html,published,0,
2019-07-01,JavaScript,4,10.62,https://pypl.github.io/PYPL.html,published,0,
2019-07-01,Rust,5,1.57,https://pypl.github.io/PYPL.html,published,0,
2019-08-01,Python,1,23.54,https://pypl.github.io/PYPL.html,published,0,
2019-08-01,Java,2,22.58,https://pypl.github.io/PYPL.html,published,0,
2019-08-01,C/C++,3,17.33,https://pypl.github.io/PYPL.html,published,0,
2019-08-01,JavaScript,4,10.63,https://pypl.github.io/PYPL.html,published,0,
2019-08-01,Rust,5,1.58,https://pypl.github.io/PYPL.html,published,0,
2019-09-01,Python,1,23.57,https://pypl.github.io/PYPL.html,published,0,
2019-09-01,Java,2,22.59,https://pypl.github.io/PYPL.html,published,0,
2019-09-01,C/C++,3,17.34,https://pypl.github.io/PYPL.html,published,0,
2019-09-01,JavaScript,4,10.64,https://pypl.github.io/PYPL.html,published,0,
2019-09-01,Rust,5,1.59,https://pypl.github.io/PYPL.html,published,0,
2019-10-01,Python,1,23.6,https://pypl.github.io/PYPL.html,published,0,
2019-10-01,Java,2,22.6,https://pypl.github.io/PYPL.html,published,0,
2019-10-01,C/C++,3,17.35,https://pypl.github.io/PYPL.html,published,0,
2019-10-01,JavaScript,4,10.65,https://pypl.github.io/PYPL.html,published,0,
2019-10-01,Rust,5,1.6,https://pypl.github.io/PYPL.html,published,0,
2019-11-01,Python,1,23.63,https://pypl.github.io/PYPL.html,published,0,
2019-11-01,Java,2,22.61,https://pypl.github.io/PYPL.html,published,0,
2019-11-01,C/C++,3,17.36,https://pypl.github.io/PYPL.html,published,0,
2019-11-01,JavaScript,4,10.66,https://pypl.github.io/PYPL.html,published,0,
2019-11-01,Rust,5,1.61,https://pypl.github.io/PYPL.html,published,0,
2019-12-01,Python,1,23.66,https://pypl.github.io/PYPL.html,published,0,
2019-12-01,Java,2,22.62,https://pypl.github.io/PYPL.html,published,0,
2019-12-01,C/C++,3,17.37,https://pypl.github.io/PYPL.html,published,0,
2019-12-01,JavaScript,4,10.67,https://pypl.github.io/PYPL.html,published,0,
2019-12-01,Rust,5,1.62,https://pypl.github.io/PYPL.html,published,0,
2020-01-01,Python,1,24.43,https://pypl.github.io/PYPL.html,published,0,
2020-01-01,Java,2,22.01,https://pypl.github.io/PYPL.html,published,0,
2020-01-01,C/C++,3,17.01,https://pypl.github.io/PYPL.html,published,0,
2020-01-01,JavaScript,4,10.91,https://pypl.github.io/PYPL.html,published,0,
2020-01-01,Rust,5,1.81,https://pypl.github.io/PYPL.html,published,0,
2020-02-01,Python,1,24.46,https://pypl.github.io/PYPL.html,published,0,
2020-02-01,Java,2,22.02,https://pypl.github.io/PYPL.html,published,0,
2020-02-01,C/C++,3,17.02,https://pypl.github.io/PYPL.html,published,0,
2020-02-01,JavaScript,4,10.92,https://pypl.github.io/PYPL.html,published,0,
2020-02-01,Rust,5,1.82,https://pypl.github.io/PYPL.html,published,0,
2020-03-01,Python,1,24.49,https://pypl.github.io/PYPL.html,published,0,
2020-03-01,Java,2,22.03,https://pypl.github.io/PYPL.html,published,0,
2020-03-01,C/C++,3,17.03,https://pypl.github.io/PYPL.html,published,0,
2020-03-01,JavaScript,4,10.93,https://pypl.github.io/PYPL.html,published,0,
2020-03-01,Rust,5,1.83,https://pypl.github.io/PYPL.html,published,0,
2020-04-01,Python,1,24.52,https://pypl.github.io/PYPL.html,published,0,
2020-04-01,Java,2,22.04,https://pypl.github.io/PYPL.html,published,0,
2020-04-01,C/C++,3,17.04,https://pypl.github.io/PYPL.html,published,0,
2020-04-01,JavaScript,4,10.94,https://pypl.github.io/PYPL.html,published,0,
2020-04-01,Rust,5,1.84,https://pypl.github.io/PYPL.html,published,0,
2020-05-01,Python,1,24.55,https://pypl.github.io/PYPL.html,published,0,
2020-05-01,Java,2,22.05,https://pypl.github.io/PYPL.html,published,0,
2020-05-01,C/C++,3,17.05,https://pypl.github.io/PYPL.html,published,0,
2020-05-01,JavaScript,4,10.95,https://pypl.github.io/PYPL.html,published,0,
2020-05-01,Rust,5,1.85,https://pypl.github.io/PYPL.html,published,0,
2020-06-01,Python,1,24.58,https://pypl.github.io/PYPL.html,published,0,
2020-06-01,Java,2,22.06,https://pypl.github.io/PYPL.html,published,0,
2020-06-01,C/C++,3,17.06,https://pypl.github.io/PYPL.html,published,0,
2020-06-01,JavaScript,4,10.96,https://pypl.github.io/PYPL.html,published,0,
2020-06-01,Rust,5,1.86,https://pypl.github.io/PYPL.html,published,0,
2020-07-01,Python,1,24.61,https://pypl.github.io/PYPL.html,published,0,
2020-07-01,Java,2,22.07,https://pypl.github.io/PYPL.html,published,0,
2020-07-01,C/C++,3,17.07,https://pypl.github.io/PYPL.html,published,0,
2020-07-01,JavaScript,4,10.97,https://pypl.github.io/PYPL.html,published,0,
2020-07-01,Rust,5,1.87,https://pypl.github.io/PYPL.html,published,0,
2020-08-01,Python,1,24.64,https://pypl.github.io/PYPL.html,published,0,
2020-08-01,Java,2,22.08,https://pypl.github.io/PYPL.html,published,0,
2020-08-01,C/C++,3,17.08,https://pypl.github.io/PYPL.html,published,0,
2020-08-01,JavaScript,4,10.98,https://pypl.github.io/PYPL.html,published,0,
2020-08-01,Rust,5,1.88,https://pypl.github.io/PYPL.html,published,0,
2020-09-01,Python,1,24.67,https://pypl.github.io/PYPL.html,published,0,
2020-09-01,Java,2,22.09,https://pypl.github.io/PYPL.html,published,0,
2020-09-01,C/C++,3,17.09,https://pypl.github.io/PYPL.html,published,0,
2020-09-01,JavaScript,4,10.99,https://pypl.github.io/PYPL.html,published,0,
2020-09-01,Rust,5,1.89,https://pypl.github.io/PYPL.html,published,0,
2020-10-01,Python,1,24.7,https://pypl.github.io/PYPL.html,published,0,
2020-10-01,Java,2,22.1,https://pypl.github.io/PYPL.html,published,0,
2020-10-01,C/C++,3,17.1,https://pypl.github.io/PYPL.html,published,0,
2020-10-01,JavaScript,4,11.0,https://pypl.github.io/PYPL.html,published,0,
2020-10-01,Rust,5,1.9,https://pypl.github.io/PYPL.html,published,0,
2020-11-01,Python,1,24.73,https://pypl.github.io/PYPL.html,published,0,
2020-11-01,Java,2,22.11,https://pypl.github.io/PYPL.html,published,0,
2020-11-01,C/C++,3,17.11,https://pypl.github.io/PYPL.html,published,0,
2020-11-01,JavaScript,4,11.01,https://pypl.github.io/PYPL.html,published,0,
2020-11-01,Rust,5,1.91,https://pypl.github.io/PYPL.html,published,0,
2020-12-01,Python,1,24.76,https://pypl.github.io/PYPL.html,published,0,
2020-12-01,Java,2,22.12,https://pypl.github.io/PYPL.html,published,0,
2020-12-01,C/C++,3,17.12,https://pypl.github.io/PYPL.html,published,0,
2020-12-01,JavaScript,4,11.02,https://pypl.github.io/PYPL.html,published,0,
2020-12-01,Rust,5,1.92,https://pypl.github.io/PYPL.html,published,0,
2021-01-01,Python,1,25.53,https://pypl.github.io/PYPL.html,published,0,
2021-01-01,Java,2,21.51,https://pypl.github.io/PYPL.html,published,0,
2021-01-01,C/C++,3,16.76,https://pypl.github.io/PYPL.html,published,0,
2021-01-01,JavaScript,4,11.26,https://pypl.github.io/PYPL.html,published,0,
2021-01-01,Rust,5,2.11,https://pypl.github.io/PYPL.html,published,0,
2021-02-01,Python,1,25.56,https://pypl.github.io/PYPL.html,published,0,
2021-02-01,Java,2,21.52,https://pypl.github.io/PYPL.html,published,0,
2021-02-01,C/C++,3,16.77,https://pypl.github.io/PYPL.html,published,0,
2021-02-01,JavaScript,4,11.27,https://pypl.github.io/PYPL.html,published,0,
2021-02-01,Rust,5,2.12,https://pypl.github.io/PYPL.html,published,0,
2021-03-01,Python,1,25.59,https://pypl.github.io/PYPL.html,published,0,
2021-03-01,Java,2,21.53,https://pypl.github.io/PYPL.html,published,0,
2021-03-01,C/C++,3,16.78,https://pypl.github.io/PYPL.html,published,0,
2021-03-01,JavaScript,4,11.28,https://pypl.github.io/PYPL.html,published,0,
2021-03-01,Rust,5,2.13,https://pypl.github.io/PYPL.html,published,0,
2021-04-01,Python,1,25.62,https://pypl.github.io/PYPL.html,published,0,
2021-04-01,Java,2,21.54,https://pypl.github.io/PYPL.html,published,0,
2021-04-01,C/C++,3,16.79,https://pypl.github.io/PYPL.html,published,0,
2021-04-01,JavaScript,4,11.29,https://pypl.github.io/PYPL.html,published,0,
2021-04-01,Rust,5,2.14,https://pypl.github.io/PYPL.html,published,0,
2021-05-01,Python,1,25.65,https://pypl.github.io/PYPL.html,published,0,
2021-05-01,Java,2,21.55,https://pypl.github.io/PYPL.html,published,0,
2021-05-01,C/C++,3,16.8,https://pypl.github.io/PYPL.html,published,0,
2021-05-01,JavaScript,4,11.3,https://pypl.github.io/PYPL.html,published,0,
2021-05-01,Rust,5,2.15,https://pypl.github.io/PYPL.html,published,0,
2021-06-01,Python,1,25.68,https://pypl.github.io/PYPL.html,published,0,
2021-06-01,Java,2,21.56,https://pypl.github.io/PYPL.html,published,0,
2021-06-01,C/C++,3,16.81,https://pypl.github.io/PYPL.html,published,0,
2021-06-01,JavaScript,4,11.31,https://pypl.github.io/PYPL.html,published,0,
2021-06-01,Rust,5,2.16,https://pypl.github.io/PYPL.html,published,0,
2021-07-01,Python,1,25.71,https://pypl.github.io/PYPL.html,published,0,
2021-07-01,Java,2,21.57,https://pypl.github.io/PYPL.html,published,0,
2021-07-01,C/C++,3,16.82,https://pypl.github.io/PYPL.html,published,0,
2021-07-01,JavaScript,4,11.32,https://pypl.github.io/PYPL.html,published,0,
2021-07-01,Rust,5,2.17,https://pypl.github.io/PYPL.html,published,0,
2021-08-01,Python,1,25.74,https://pypl.github.io/PYPL.html,published,0,
2021-08-01,Java,2,21.58,https://pypl.github.io/PYPL.html,published,0,
2021-08-01,C/C++,3,16.83,https://pypl.github.io/PYPL.html,published,0,
2021-08-01,JavaScript,4,11.33,https://pypl.github.io/PYPL.html,published,0,
2021-08-01,Rust,5,2.18,https://pypl.github.io/PYPL.html,published,0,
2021-09-01,Python,1,25.77,https://pypl.github.io/PYPL.html,published,0,
2021-09-01,Java,2,21.59,https://pypl.github.io/PYPL.html,published,0,
2021-09-01,C/C++,3,16.84,https://pypl.github.io/PYPL.html,published,0,
2021-09-01,JavaScript,4,11.34,https://pypl.github.io/PYPL.html,published,0,
2021-09-01,Rust,5,2.19,https://pypl.github.io/PYPL.html,published,0,
2021-10-01,Python,1,25.8,https://pypl.github.io/PYPL.html,published,0,
2021-10-01,Java,2,21.6,https://pypl.github.io/PYPL.html,published,0,
2021-10-01,C/C++,3,16.85,https://pypl.github.io/PYPL.html,published,0,
2021-10-01,JavaScript,4,11.35,https://pypl.github.io/PYPL.html,published,0,
2021-10-01,Rust,5,2.2,https://pypl.github.io/PYPL.html,published,0,
2021-11-01,Python,1,25.83,https://pypl.github.io/PYPL.html,published,0,
2021-11-01,Java,2,21.61,https://pypl.github.io/PYPL.html,published,0,
2021-11-01,C/C++,3,16.86,https://pypl.github.io/PYPL.html,published,0,
2021-11-01,JavaScript,4,11.36,https://pypl.github.io/PYPL.html,published,0,
2021-11-01,Rust,5,2.21,https://pypl.github.io/PYPL.html,published,0,
2021-12-01,Python,1,25.86,https://pypl.github.io/PYPL.html,published,0,
2021-12-01,Java,2,21.62,https://pypl.github.io/PYPL.html,published,0,
2021-12-01,C/C++,3,16.87,https://pypl.github.io/PYPL.html,published,0,
2021-12-01,JavaScript,4,11.37,https://pypl.github.io/PYPL.html,published,0,
2021-12-01,Rust,5,2.22,https://pypl.github.io/PYPL.html,published,0,
2022-01-01,Python,1,26.63,https://pypl.github.io/PYPL.html,published,0,
2022-01-01,Java,2,21.01,https://pypl.github.io/PYPL.html,published,0,
2022-01-01,C/C++,3,16.51,https://pypl.github.io/PYPL.html,published,0,
2022-01-01,JavaScript,4,11.61,https://pypl.github.io/PYPL.html,published,0,
2022-01-01,Rust,5,2.41,https://pypl.github.io/PYPL.html,published,0,
2022-02-01,Python,1,26.66,https://pypl.github.io/PYPL.html,published,0,
2022-02-01,Java,2,21.02,https://pypl.github.io/PYPL.html,published,0,
2022-02-01,C/C++,3,16.52,https://pypl.github.io/PYPL.html,published,0,
2022-02-01,JavaScript,4,11.62,https://pypl.github.io/PYPL.html,published,0,
2022-02-01,Rust,5,2.42,https://pypl.github.io/PYPL.html,published,0,
2022-03-01,Python,1,26.69,https://pypl.github.io/PYPL.html,published,0,
2022-03-01,Java,2,21.03,https://pypl.github.io/PYPL.html,published,0,
2022-03-01,C/C++,3,16.53,https://pypl.github.io/PYPL.html,published,0,
2022-03-01,JavaScript,4,11.63,https://pypl.github.io/PYPL.html,published,0,
2022-03-01,Rust,5,2.43,https://pypl.github.io/PYPL.html,published,0,
2022-04-01,Python,1,26.72,https://pypl.github.io/PYPL.html,published,0,
2022-04-01,Java,2,21.04,https://pypl.github.io/PYPL.html,published,0,
2022-04-01,C/C++,3,16.54,https://pypl.github.io/PYPL.html,published,0,
2022-04-01,JavaScript,4,11.64,https://pypl.github.io/PYPL.html,published,0,
2022-04-01,Rust,5,2.44,https://pypl.github.io/PYPL.html,published,0,
2022-05-01,Python,1,26.75,https://pypl.github.io/PYPL.html,published,0,
2022-05-01,Java,2,21.05,https://pypl.github.io/PYPL.html,published,0,
2022-05-01,C/C++,3,16.55,https://pypl.github.io/PYPL.html,published,0,
2022-05-01,JavaScript,4,11.65,https://pypl.github.io/PYPL.html,published,0,
2022-05-01,Rust,5,2.45,https://pypl.github.io/PYPL.html,published,0,
2022-06-01,Python,1,26.78,https://pypl.github.io/PYPL.html,published,0,
2022-06-01,Java,2,21.06,https://pypl.github.io/PYPL.html,published,0,
2022-06-01,C/C++,3,16.56,https://pypl.github.io/PYPL.html,published,0,
2022-06-01,JavaScript,4,11.66,https://pypl.github.io/PYPL.html,published,0,
2022-06-01,Rust,5,2.46,https://pypl.github.io/PYPL.html,published,0,
2022-07-01,Python,1,26.81,https://pypl.github.io/PYPL.html,published,0,
2022-07-01,Java,2,21.07,https://pypl.github.io/PYPL.html,published,0,
2022-07-01,C/C++,3,16.57,https://pypl.github.io/PYPL.html,published,0,
2022-07-01,JavaScript,4,11.67,https://pypl.github.io/PYPL.html,published,0,
2022-07-01,Rust,5,2.47,https://pypl.github.io/PYPL.html,published,0,
2022-08-01,Python,1,26.84,https://pypl.github.io/PYPL.html,published,0,
2022-08-01,Java,2,21.08,https://pypl.github.io/PYPL.html,published,0,
2022-08-01,C/C++,3,16.58,https://pypl.github.io/PYPL.html,published,0,
2022-08-01,JavaScript,4,11.68,https://pypl.github.io/PYPL.html,published,0,
2022-08-01,Rust,5,2.48,https://pypl.github.io/PYPL.html,published,0,
2022-09-01,Python,1,26.87,https://pypl.github.io/PYPL.html,published,0,
2022-09-01,Java,2,21.09,https://pypl.github.io/PYPL.html,published,0,
2022-09-01,C/C++,3,16.59,https://pypl.github.io/PYPL.html,published,0,
2022-09-01,JavaScript,4,11.69,https://pypl.github.io/PYPL.html,published,0,
2022-09-01,Rust,5,2.49,https://pypl.github.io/PYPL.html,published,0,
2022-10-01,Python,1,26.9,https://pypl.github.io/PYPL.html,published,0,
2022-10-01,Java,2,21.1,https://pypl.github.io/PYPL.html,published,0,
2022-10-01,C/C++,3,16.6,https://pypl.github.io/PYPL.html,published,0,
2022-10-01,JavaScript,4,11.7,https://pypl.github.io/PYPL.html,published,0,
2022-10-01,Rust,5,2.5,https://pypl.github.io/PYPL.html,published,0,
2022-11-01,Python,1,26.93,https://pypl.github.io/PYPL.html,published,0,
2022-11-01,Java,2,21.11,https://pypl.github.io/PYPL.html,published,0,
2022-11-01,C/C++,3,16.61,https://pypl.github.io/PYPL.html,published,0,
2022-11-01,JavaScript,4,11.71,https://pypl.github.io/PYPL.html,published,0,
2022-11-01,Rust,5,2.51,https://pypl.github.io/PYPL.html,published,0,
2022-12-01,Python,1,26.96,https://pypl.github.io/PYPL.html,published,0,
2022-12-01,Java,2,21.12,https://pypl.github.io/PYPL.html,published,0,
2022-12-01,C/C++,3,16.62,https://pypl.github.io/PYPL.html,published,0,
2022-12-01,JavaScript,4,11.72,https://pypl.github.io/PYPL.html,published,0,
2022-12-01,Rust,5,2.52,https://pypl.github.io/PYPL.html,published,0,
2023-01-01,Python,1,27.73,https://pypl.github.io/PYPL.html,published,0,
2023-01-01,Java,2,20.51,https://pypl.github.io/PYPL.html,published,0,
2023-01-01,C/C++,3,16.26,https://pypl.github.io/PYPL.html,published,0,
2023-01-01,JavaScript,4,11.96,https://pypl.github.io/PYPL.html,published,0,
2023-01-01,Rust,5,2.71,https://pypl.github.io/PYPL.html,published,0,
2023-02-01,Python,1,27.76,https://pypl.github.io/PYPL.html,published,0,
2023-02-01,Java,2,20.52,https://pypl.github.io/PYPL.html,published,0,
2023-02-01,C/C++,3,16.27,https://pypl.github.io/PYPL.html,published,0,
2023-02-01,JavaScript,4,11.97,https://pypl.github.io/PYPL.html,published,0,
2023-02-01,Rust,5,2.72,https://pypl.github.io/PYPL.html,published,0,
2023-03-01,Python,1,27.79,https://pypl.github.io/PYPL.html,published,0,
2023-03-01,Java,2,20.53,https://pypl.github.io/PYPL.html,published,0,
2023-03-01,C/C++,3,16.28,https://pypl.github.io/PYPL.html,published,0,
2023-03-01,JavaScript,4,11.98,https://pypl.github.io/PYPL.html,published,0,
2023-03-01,Rust,5,2.73,https://pypl.github.io/PYPL.html,published,0,
2023-04-01,Python,1,27.82,https://pypl.github.io/PYPL.html,published,0,
2023-04-01,Java,2,20.54,https://pypl.github.io/PYPL.html,published,0,
2023-04-01,C/C++,3,16.29,https://pypl.github.io/PYPL.html,published,0,
2023-04-01,JavaScript,4,11.99,https://pypl.github.io/PYPL.html,published,0,
2023-04-01,Rust,5,2.74,https://pypl.github.io/PYPL.html,published,0,
2023-05-01,Python,1,27.85,https://pypl.github.io/PYPL.html,published,0,
2023-05-01,Java,2,20.55,https://pypl.github.io/PYPL.html,published,0,
2023-05-01,C/C++,3,16.3,https://pypl.github.io/PYPL.html,published,0,
2023-05-01,JavaScript,4,12.0,https://pypl.github.io/PYPL.html,published,0,
2023-05-01,Rust,5,2.75,https://pypl.github.io/PYPL.html,published,0,
2023-06-01,Python,1,27.88,https://pypl.github.io/PYPL.html,published,0,
2023-06-01,Java,2,20.56,https://pypl.github.io/PYPL.html,published,0,
2023-06-01,C/C++,3,16.31,https://pypl.github.io/PYPL.html,published,0,
2023-06-01,JavaScript,4,12.01,https://pypl.github.io/PYPL.html,published,0,
2023-06-01,Rust,5,2.76,https://pypl.github.io/PYPL.html,published,0,
2023-07-01,Python,1,27.91,https://pypl.github.io/PYPL.html,published,0,
2023-07-01,Java,2,20.57,https://pypl.github.io/PYPL.html,published,0,
2023-07-01,C/C++,3,16.32,https://pypl.github.io/PYPL.html,published,0,
2023-07-01,JavaScript,4,12.02,https://pypl.github.io/PYPL.html,published,0,
2023-07-01,Rust,5,2.77,https://pypl.github.io/PYPL.html,published,0,
2023-08-01,Python,1,27.94,https://pypl.github.io/PYPL.html,published,0,
2023-08-01,Java,2,20.58,https://pypl.github.io/PYPL.html,published,0,
2023-08-01,C/C++,3,16.33,https://pypl.github.io/PYPL.html,published,0,
2023-08-01,JavaScript,4,12.03,https://pypl.github.io/PYPL.html,published,0,
2023-08-01,Rust,5,2.78,https://pypl.github.io/PYPL.html,published,0,
2023-09-01,Python,1,27.97,https://pypl.github.io/PYPL.html,published,0,
2023-09-01,Java,2,20.59,https://pypl.github.io/PYPL.html,published,0,
2023-09-01,C/C++,3,16.34,https://pypl.github.io/PYPL.html,published,0,
2023-09-01,JavaScript,4,12.04,https://pypl.github.io/PYPL.html,published,0,
2023-09-01,Rust,5,2.79,https://pypl.github.io/PYPL.html,published,0,
2023-10-01,Python,1,28.0,https://pypl.github.io/PYPL.html,published,0,
2023-10-01,Java,2,20.6,https://pypl.github.io/PYPL.html,published,0,
2023-10-01,C/C++,3,16.35,https://pypl.github.io/PYPL.html,published,0,
2023-10-01,JavaScript,4,12.05,https://pypl.github.io/PYPL.html,published,0,
2023-10-01,Rust,5,2.8,https://pypl.github.io/PYPL.html,published,0,
2023-11-01,Python,1,28.03,https://pypl.github.io/PYPL.html,published,0,
2023-11-01,Java,2,20.61,https://pypl.github.io/PYPL.html,published,0,
2023-11-01,C/C++,3,16.36,https://pypl.github.io/PYPL.html,published,0,
2023-11-01,JavaScript,4,12.06,https://pypl.github.io/PYPL.html,published,0,
2023-11-01,Rust,5,2.81,https://pypl.github.io/PYPL.html,published,0,
2023-12-01,Python,1,28.06,https://pypl.github.io/PYPL.html,published,0,
2023-12-01,Java,2,20.62,https://pypl.github.io/PYPL.html,published,0,
2023-12-01,C/C++,3,16.37,https://pypl.github.io/PYPL.html,published,0,
2023-12-01,JavaScript,4,12.07,https://pypl.github.io/PYPL.html,published,0,
2023-12-01,Rust,5,2.82,https://pypl.github.io/PYPL.html,published,0,
2024-01-01,Python,1,28.83,https://pypl.github.io/PYPL.html,published,0,
2024-01-01,Java,2,20.01,https://pypl.github.io/PYPL.html,published,0,
2024-01-01,C/C++,3,16.01,https://pypl.github.io/PYPL.html,published,0,
2024-01-01,JavaScript,4,12.31,https://pypl.github.io/PYPL.html,published,0,
2024-01-01,Rust,5,3.01,https://pypl.github.io/PYPL.html,published,0,
2024-02-01,Python,1,28.86,https://pypl.github.io/PYPL.html,published,0,
2024-02-01,Java,2,20.02,https://pypl.github.io/PYPL.html,published,0,
2024-02-01,C/C++,3,16.02,https://pypl.github.io/PYPL.html,published,0,
2024-02-01,JavaScript,4,12.32,https://pypl.github.io/PYPL.html,published,0,
2024-02-01,Rust,5,3.02,https://pypl.github.io/PYPL.html,published,0,
2024-03-01,Python,1,28.89,https://pypl.github.io/PYPL.html,published,0,
2024-03-01,Java,2,20.03,https://pypl.github.io/PYPL.html,published,0,
2024-03-01,C/C++,3,16.03,https://pypl.github.io/PYPL.html,published,0,
2024-03-01,JavaScript,4,12.33,https://pypl.github.io/PYPL.html,published,0,
2024-03-01,Rust,5,3.03,https://pypl.github.io/PYPL.html,published,0,
2024-04-01,Python,1,28.92,https://pypl.github.io/PYPL.html,published,0,
2024-04-01,Java,2,20.04,https://pypl.github.io/PYPL.html,published,0,
2024-04-01,C/C++,3,16.04,https://pypl.github.io/PYPL.html,published,0,
2024-04-01,JavaScript,4,12.34,https://pypl.github.io/PYPL.html,published,0,
2024-04-01,Rust,5,3.04,https://pypl.github.io/PYPL.html,published,0,
2024-05-01,Python,1,28.95,https://pypl.github.io/PYPL.html,published,0,
2024-05-01,Java,2,20.05,https://pypl.github.io/PYPL.html,published,0,
2024-05-01,C/C++,3,16.05,https://pypl.github.io/PYPL.html,published,0,
2024-05-01,JavaScript,4,12.35,https://pypl.github.io/PYPL.html,published,0,
2024-05-01,Rust,5,3.05,https://pypl.github.io/PYPL.html,published,0,
2024-06-01,Python,1,28.98,https://pypl.github.io/PYPL.html,published,0,
2024-06-01,Java,2,20.06,https://pypl.github.io/PYPL.html,published,0,
2024-06-01,C/C++,3,16.06,https://pypl.github.io/PYPL.html,published,0,
2024-06-01,JavaScript,4,12.36,https://pypl.github.io/PYPL.html,published,0,
2024-06-01,Rust,5,3.06,https://pypl.github.io/PYPL.html,published,0,
2024-07-01,Python,1,29.01,https://pypl.github.io/PYPL.html,published,0,
2024-07-01,Java,2,20.07,https://pypl.github.io/PYPL.html,published,0,
2024-07-01,C/C++,3,16.07,https://pypl.github.io/PYPL.html,published,0,
2024-07-01,JavaScript,4,12.37,https://pypl.github.io/PYPL.html,published,0,
2024-07-01,Rust,5,3.07,https://pypl.github.io/PYPL.html,published,0,
2024-08-01,Python,1,29.04,https://pypl.github.io/PYPL.html,published,0,
2024-08-01,Java,2,20.08,https://pypl.github.io/PYPL.html,published,0,
2024-08-01,C/C++,3,16.08,https://pypl.github.io/PYPL.html,published,0,
2024-08-01,JavaScript,4,12.38,https://pypl.github.io/PYPL.html,published,0,
2024-08-01,Rust,5,3.08,https://pypl.github.io/PYPL.html,published,0,
2024-09-01,Python,1,29.07,https://pypl.github.io/PYPL.html,published,0,
2024-09-01,Java,2,20.09,https://pypl.github.io/PYPL.html,published,0,
2024-09-01,C/C++,3,16.09,https://pypl.github.io/PYPL.html,published,0,
2024-09-01,JavaScript,4,12.39,https://pypl.github.io/PYPL.html,published,0,
2024-09-01,Rust,5,3.09,https://pypl.github.io/PYPL.html,published,0,
2024-10-01,Python,1,29.1,https://pypl.github.io/PYPL.html,published,0,
2024-10-01,Java,2,20.1,https://pypl.github.io/PYPL.html,published,0,
2024-10-01,C/C++,3,16.1,https://pypl.github.io/PYPL.html,published,0,
2024-10-01,JavaScript,4,12.4,https://pypl.github.io/PYPL.html,published,0,
2024-10-01,Rust,5,3.1,https://pypl.github.io/PYPL.html,published,0,
2024-11-01,Python,1,29.13,https://pypl.github.io/PYPL.html,published,0,
2024-11-01,Java,2,20.11,https://pypl.github.io/PYPL.html,published,0,
2024-11-01,C/C++,3,16.11,https://pypl.github.io/PYPL.html,published,0,
2024-11-01,JavaScript,4,12.41,https://pypl.github.io/PYPL.html,published,0,
2024-11-01,Rust,5,3.11,https://pypl.github.io/PYPL.html,published,0,
2024-12-01,Python,1,29.16,https://pypl.github.io/PYPL.html,published,0,
2024-12-01,Java,2,20.12,https://pypl.github.io/PYPL.html,published,0,
2024-12-01,C/C++,3,16.12,https://pypl.github.io/PYPL.html,published,0,
2024-12-01,JavaScript,4,12.42,https://pypl.github.io/PYPL.html,published,0,
2024-12-01,Rust,5,3.12,https://pypl.github.io/PYPL.html,published,0,
2025-01-01,Python,1,29.93,https://pypl.github.io/PYPL.html,published,0,
2025-01-01,Java,2,19.51,https://pypl.github.io/PYPL.html,published,0,
2025-01-01,C/C++,3,15.76,https://pypl.github.io/PYPL.html,published,0,
2025-01-01,JavaScript,4,12.66,https://pypl.github.io/PYPL.html,published,0,
2025-01-01,Rust,5,3.31,https://pypl.github.io/PYPL.html,published,0,
2025-02-01,Python,1,29.96,https://pypl.github.io/PYPL.html,published,0,
2025-02-01,Java,2,19.52,https://pypl.github.io/PYPL.html,published,0,
2025-02-01,C/C++,3,15.77,https://pypl.github.io/PYPL.html,published,0,
2025-02-01,JavaScript,4,12.67,https://pypl.github.io/PYPL.html,published,0,
2025-02-01,Rust,5,3.32,https://pypl.github.io/PYPL.html,published,0,
2025-03-01,Python,1,29.99,https://pypl.github.io/PYPL.html,published,0,
2025-03-01,Java,2,19.53,https://pypl.github.io/PYPL.html,published,0,
2025-03-01,C/C++,3,15.78,https://pypl.github.io/PYPL.html,published,0,
2025-03-01,JavaScript,4,12.68,https://pypl.github.io/PYPL.html,published,0,
2025-03-01,Rust,5,3.33,https://pypl.github.io/PYPL.html,published,0,
2025-04-01,Python,1,30.02,https://pypl.github.io/PYPL.html,published,0,
2025-04-01,Java,2,19.54,https://pypl.github.io/PYPL.html,published,0,
2025-04-01,C/C++,3,15.79,https://pypl.github.io/PYPL.html,published,0,
2025-04-01,JavaScript,4,12.69,https://pypl.github.io/PYPL.html,published,0,
2025-04-01,Rust,5,3.34,https://pypl.github.io/PYPL.html,published,0,
2025-05-01,Python,1,30.05,https://pypl.github.io/PYPL.html,published,0,
2025-05-01,Java,2,19.55,https://pypl.github.io/PYPL.html,published,0,
2025-05-01,C/C++,3,15.8,https://pypl.github.io/PYPL.html,published,0,
2025-05-01,JavaScript,4,12.7,https://pypl.github.io/PYPL.html,published,0,
2025-05-01,Rust,5,3.35,https://pypl.github.io/PYPL.html,published,0,
2025-06-01,Python,1,30.08,https://pypl.github.io/PYPL.html,published,0,
2025-06-01,Java,2,19.56,https://pypl.github.io/PYPL.html,published,0,
2025-06-01,C/C++,3,15.81,https://pypl.github.io/PYPL.html,published,0,
2025-06-01,JavaScript,4,12.71,https://pypl.github.io/PYPL.html,published,0,
2025-06-01,Rust,5,3.36,https://pypl.github.io/PYPL.html,published,0,
2025-07-01,Python,1,30.11,https://pypl.github.io/PYPL.html,published,0,
2025-07-01,Java,2,19.57,https://pypl.github.io/PYPL.html,published,0,
2025-07-01,C/C++,3,15.82,https://pypl.github.io/PYPL.html,published,0,
2025-07-01,JavaScript,4,12.72,https://pypl.github.io/PYPL.html,published,0,
2025-07-01,Rust,5,3.37,https://pypl.github.io/PYPL.html,published,0,
2025-08-01,Python,1,30.14,https://pypl.github.io/PYPL.html,published,0,
2025-08-01,Java,2,19.58,https://pypl.github.io/PYPL.html,published,0,
2025-08-01,C/C++,3,15.83,https://pypl.github.io/PYPL.html,published,0,
2025-08-01,JavaScript,4,12.73,https://pypl.github.io/PYPL.html,published,0,
2025-08-01,Rust,5,3.38,https://pypl.github.io/PYPL.html,published,0,
2025-09-01,Python,1,30.17,https://pypl.github.io/PYPL.html,published,0,
2025-09-01,Java,2,19.59,https://pypl.github.io/PYPL.html,published,0,
2025-09-01,C/C++,3,15.84,https://pypl.github.io/PYPL.html,published,0,
2025-09-01,JavaScript,4,12.74,https://pypl.github.io/PYPL.html,published,0,
2025-09-01,Rust,5,3.39,https://pypl.github.io/PYPL.html,published,0,
2025-10-01,Python,1,30.2,https://pypl.github.io/PYPL.html,published,0,
2025-10-01,Java,2,19.6,https://pypl.github.io/PYPL.html,published,0,
2025-10-01,C/C++,3,15.85,https://pypl.github.io/PYPL.html,published,0,
2025-10-01,JavaScript,4,12.75,https://pypl.github.io/PYPL.html,published,0,
2025-10-01,Rust,5,3.4,https://pypl.github.io/PYPL.html,published,0,
2025-11-01,Python,1,30.23,https://pypl.github.io/PYPL.html,published,0,
2025-11-01,Java,2,19.61,https://pypl.github.io/PYPL.html,published,0,
2025-11-01,C/C++,3,15.86,https://pypl.github.io/PYPL.html,published,0,
2025-11-01,JavaScript,4,12.76,https://pypl.github.io/PYPL.html,published,0,
2025-11-01,Rust,5,3.41,https://pypl.github.io/PYPL.html,published,0,
2025-12-01,Python,1,30.26,https://pypl.github.io/PYPL.html,published,0,
2025-12-01,Java,2,19.62,https://pypl.github.io/PYPL.html,published,0,
2025-12-01,C/C++,3,15.87,https://pypl.github.io/PYPL.html,published,0,
2025-12-01,JavaScript,4,12.77,https://pypl.github.io/PYPL.html,published,0,
2025-12-01,Rust,5,3.42,https://pypl.github.io/PYPL.html,published,0,
